{"id":43772128,"items":[{"id":100015659,"status":2,"title":"Blog Template","order":1,"templateKey":"blog","pageLinks":[]},{"id":40300681,"status":2,"title":"Post Template","order":2,"templateKey":"post","pageLinks":[]},{"id":2901208416,"status":2,"title":"Home","order":65536,"templateKey":null,"pageLinks":[]},{"id":388512699,"status":2,"title":"Technology","order":65537,"templateKey":null,"pageLinks":[]},{"id":35682294,"status":2,"title":"Activities","order":65538,"templateKey":null,"pageLinks":[]},{"id":773723340,"status":2,"title":"School","order":65539,"templateKey":null,"pageLinks":[]},{"id":343409776,"status":2,"title":"Friends","order":65540,"templateKey":null,"pageLinks":[]},{"id":466119760,"status":2,"title":"Shortcuts","order":65542,"templateKey":null,"pageLinks":[]},{"id":79779984,"status":2,"title":"Javascript","order":65543,"templateKey":null,"pageLinks":[]},{"id":305182190,"status":2,"title":"Cad","order":65544,"templateKey":null,"pageLinks":[]},{"id":83310926,"status":2,"title":"Rock Climbing","order":65545,"templateKey":null,"pageLinks":[]},{"id":78456523,"status":2,"title":"Minecraft","order":65546,"templateKey":null,"pageLinks":[]},{"id":47035978,"status":2,"title":"Brawl Stars","order":65547,"templateKey":null,"pageLinks":[]},{"id":77289138,"status":2,"title":"Math","order":65548,"templateKey":null,"pageLinks":[]},{"id":510920405,"status":2,"title":"Literature","order":65549,"templateKey":null,"pageLinks":[]},{"id":53365718,"status":2,"title":"Site Buttons","order":65550,"templateKey":null,"pageLinks":[]},{"id":81392427,"status":2,"title":"Comment","order":65551,"templateKey":null,"pageLinks":[]},{"id":598003829,"status":2,"title":"Private Message","order":65552,"templateKey":null,"pageLinks":[]},{"id":20407212,"status":2,"title":"Contact","order":65553,"templateKey":null,"pageLinks":[]}],"metaTags":null,"order":65536,"headHtml":null,"customCss":null,"headerHtml":"<section class=\"u-clearfix u-custom-color-2 u-header u-sticky u-block-e205-1\" custom-posts-hash=\"[]\" data-style=\"header-imglogo-menu\" data-post-id=\"post5\" data-section-properties=\"{&quot;grid-spacing&quot;:&quot;0&quot;,&quot;align&quot;:&quot;left&quot;,&quot;stretch&quot;:true}\" id=\"sec-2de0\" data-source=\"\" data-id=\"e205\">\n  <div class=\"u-clearfix u-sheet u-block-e205-2\" data-state=\"{&quot;margin-top&quot;:{&quot;shouldApplyDefaultMargins&quot;:{&quot;XL&quot;:false,&quot;LG&quot;:false,&quot;MD&quot;:false,&quot;SM&quot;:false,&quot;XS&quot;:false},&quot;parentVerticalAlign&quot;:{&quot;XL&quot;:&quot;&quot;,&quot;LG&quot;:&quot;&quot;,&quot;MD&quot;:&quot;&quot;,&quot;SM&quot;:&quot;&quot;,&quot;XS&quot;:&quot;&quot;}},&quot;margin-bottom&quot;:{&quot;shouldApplyDefaultMargins&quot;:{&quot;XL&quot;:false,&quot;LG&quot;:false,&quot;MD&quot;:false,&quot;SM&quot;:false,&quot;XS&quot;:false},&quot;parentVerticalAlign&quot;:{&quot;XL&quot;:&quot;&quot;,&quot;LG&quot;:&quot;&quot;,&quot;MD&quot;:&quot;&quot;,&quot;SM&quot;:&quot;&quot;,&quot;XS&quot;:&quot;&quot;}}}\">\n    \n    \n  <h1 class=\"u-custom-font u-font-georgia u-text u-text-default u-title u-block-e205-20\" data-state=\"{&quot;margin-top&quot;:{&quot;shouldApplyDefaultMargins&quot;:{&quot;XL&quot;:false,&quot;LG&quot;:false,&quot;MD&quot;:false,&quot;SM&quot;:false,&quot;XS&quot;:false},&quot;parentVerticalAlign&quot;:{&quot;XL&quot;:&quot;&quot;,&quot;LG&quot;:&quot;&quot;,&quot;MD&quot;:&quot;&quot;,&quot;SM&quot;:&quot;&quot;,&quot;XS&quot;:&quot;&quot;}},&quot;margin-bottom&quot;:{&quot;shouldApplyDefaultMargins&quot;:{&quot;XL&quot;:false,&quot;LG&quot;:false,&quot;MD&quot;:false,&quot;SM&quot;:false,&quot;XS&quot;:false},&quot;parentVerticalAlign&quot;:{&quot;XL&quot;:&quot;&quot;,&quot;LG&quot;:&quot;&quot;,&quot;MD&quot;:&quot;&quot;,&quot;SM&quot;:&quot;&quot;,&quot;XS&quot;:&quot;&quot;}}}\"><a class=\"u-border-2 u-border-black u-btn u-btn-rectangle u-button-style u-none u-block-e205-31\" href=\"2901208416\">Timothy's Portfolio</a></h1><nav class=\"u-dropdown-icon u-menu u-menu-dropdown u-offcanvas u-block-e205-21\" data-state=\"{&quot;margin-top&quot;:{&quot;shouldApplyDefaultMargins&quot;:{&quot;XL&quot;:false,&quot;LG&quot;:false,&quot;MD&quot;:false,&quot;SM&quot;:false,&quot;XS&quot;:false},&quot;parentVerticalAlign&quot;:{&quot;XL&quot;:&quot;&quot;,&quot;LG&quot;:&quot;&quot;,&quot;MD&quot;:&quot;&quot;,&quot;SM&quot;:&quot;&quot;,&quot;XS&quot;:&quot;&quot;}},&quot;margin-bottom&quot;:{&quot;shouldApplyDefaultMargins&quot;:{&quot;XL&quot;:false,&quot;LG&quot;:false,&quot;MD&quot;:false,&quot;SM&quot;:false,&quot;XS&quot;:false},&quot;parentVerticalAlign&quot;:{&quot;XL&quot;:&quot;&quot;,&quot;LG&quot;:&quot;&quot;,&quot;MD&quot;:&quot;&quot;,&quot;SM&quot;:&quot;&quot;,&quot;XS&quot;:&quot;&quot;}}}\"><div class=\"menu-collapse\" style=\"font-size: 1.875rem;\">\n        <a class=\"u-active-custom-color-1 u-button-style u-custom-color-1 u-hover-custom-color-1 u-nav-link u-text-active-white u-text-body-color u-text-hover-grey-15\" href=\"#\"><svg><use xmlns:xlink=\"http://www.w3.org/1999/xlink\" xlink:href=\"#menu-hamburger\"></use></svg><svg version=\"1.1\" xmlns=\"http://www.w3.org/2000/svg\" xmlns:xlink=\"http://www.w3.org/1999/xlink\"><defs>   <symbol id=\"menu-hamburger\" viewBox=\"0 0 16 16\" style=\"width: 16px; height: 16px;\">       <rect y=\"1\" width=\"16\" height=\"2\"></rect>       <rect y=\"7\" width=\"16\" height=\"2\"></rect>       <rect y=\"13\" width=\"16\" height=\"2\"></rect>   </symbol></defs></svg></a>\n    </div>\n    <div class=\"u-custom-menu u-nav-container\">\n        <ul class=\"u-nav u-text-body-color u-unstyled u-block-e205-22\"><li class=\"u-nav-item\"><a class=\"u-active-custom-color-1 u-button-style u-custom-color-1 u-hover-custom-color-1 u-nav-link u-text-active-white u-text-body-color u-text-hover-grey-15\" href=\"Home.html\" data-page-id=\"2901208416\" style=\"padding: 10px 20px;\">Home</a></li><li class=\"u-nav-item\"><a class=\"u-active-custom-color-1 u-button-style u-custom-color-1 u-hover-custom-color-1 u-nav-link u-text-active-white u-text-body-color u-text-hover-grey-15\" href=\"Technology.html\" data-page-id=\"388512699\" style=\"padding: 10px 20px;\">Technology</a><div class=\"u-nav-popup\"><ul class=\"u-h-spacing-20 u-nav u-unstyled u-v-spacing-10 u-block-e205-32\"><li class=\"u-nav-item\"><a class=\"u-button-style u-nav-link u-white\" href=\"Shortcuts.html\" data-page-id=\"466119760\">Shortcuts</a></li><li class=\"u-nav-item\"><a class=\"u-button-style u-nav-link u-white\" href=\"Javascript.html\" data-page-id=\"79779984\">Javascript</a></li><li class=\"u-nav-item\"><a class=\"u-button-style u-nav-link u-white\" href=\"Cad.html\" data-page-id=\"305182190\">Cad</a></li></ul></div></li><li class=\"u-nav-item\"><a class=\"u-active-custom-color-1 u-button-style u-custom-color-1 u-hover-custom-color-1 u-nav-link u-text-active-white u-text-body-color u-text-hover-grey-15\" href=\"Activities.html\" data-page-id=\"35682294\" style=\"padding: 10px 20px;\">Activities</a><div class=\"u-nav-popup\"><ul class=\"u-h-spacing-20 u-nav u-unstyled u-v-spacing-10 u-block-e205-33\"><li class=\"u-nav-item\"><a class=\"u-button-style u-nav-link u-white\" href=\"Rock-Climbing.html\" data-page-id=\"83310926\">Rock Climbing</a></li><li class=\"u-nav-item\"><a class=\"u-button-style u-nav-link u-white\" href=\"Minecraft.html\" data-page-id=\"78456523\">Minecraft</a></li><li class=\"u-nav-item\"><a class=\"u-button-style u-nav-link u-white\" href=\"Brawl-Stars.html\" data-page-id=\"47035978\">Brawl Stars</a></li></ul></div></li><li class=\"u-nav-item\"><a class=\"u-active-custom-color-1 u-button-style u-custom-color-1 u-hover-custom-color-1 u-nav-link u-text-active-white u-text-body-color u-text-hover-grey-15\" href=\"School.html\" data-page-id=\"773723340\" style=\"padding: 10px 20px;\">School</a><div class=\"u-nav-popup\"><ul class=\"u-h-spacing-20 u-nav u-unstyled u-v-spacing-10 u-block-e205-34\"><li class=\"u-nav-item\"><a class=\"u-button-style u-nav-link u-white\" href=\"Math.html\" data-page-id=\"77289138\">Math</a></li><li class=\"u-nav-item\"><a class=\"u-button-style u-nav-link u-white\" href=\"Literature.html\" data-page-id=\"510920405\">Literature</a></li></ul></div></li><li class=\"u-nav-item\"><a class=\"u-active-custom-color-1 u-button-style u-custom-color-1 u-hover-custom-color-1 u-nav-link u-text-active-white u-text-body-color u-text-hover-grey-15\" href=\"Friends.html\" data-page-id=\"343409776\" style=\"padding: 10px 20px;\">Friends</a><div class=\"u-nav-popup\"><ul class=\"u-h-spacing-20 u-nav u-unstyled u-v-spacing-10 u-block-e205-35\"><li class=\"u-nav-item\"><a class=\"u-button-style u-nav-link u-white\" href=\"Site-Buttons.html\" data-page-id=\"53365718\">Site Buttons</a></li></ul></div></li><li class=\"u-nav-item\"><a class=\"u-active-custom-color-1 u-button-style u-custom-color-1 u-hover-custom-color-1 u-nav-link u-text-active-white u-text-body-color u-text-hover-grey-15\" href=\"Contact.html\" data-page-id=\"20407212\" style=\"padding: 10px 20px;\">Contact</a><div class=\"u-nav-popup\"><ul class=\"u-h-spacing-20 u-nav u-unstyled u-v-spacing-10 u-block-e205-36\"><li class=\"u-nav-item\"><a class=\"u-button-style u-nav-link u-white\" href=\"Comment.html\" data-page-id=\"81392427\">Comment</a></li><li class=\"u-nav-item\"><a class=\"u-button-style u-nav-link u-white\" href=\"Private-Message.html\" data-page-id=\"598003829\">Private Message</a></li></ul></div></li></ul>\n    </div>\n    <div class=\"u-custom-menu u-nav-container-collapse\">\n        <div class=\"u-black u-container-style u-inner-container-layout u-opacity u-opacity-95 u-sidenav u-block-e205-24\">\n            <div class=\"u-menu-close u-block-e205-25\"></div>\n            <ul class=\"u-align-center u-nav u-popupmenu-items u-unstyled u-block-e205-26\"><li class=\"u-nav-item\"><a class=\"u-button-style u-nav-link\" href=\"Home.html\" data-page-id=\"2901208416\" style=\"padding: 10px 20px;\">Home</a></li><li class=\"u-nav-item\"><a class=\"u-button-style u-nav-link\" href=\"Technology.html\" data-page-id=\"388512699\" style=\"padding: 10px 20px;\">Technology</a><div class=\"u-nav-popup\"><ul class=\"u-h-spacing-20 u-nav u-unstyled u-v-spacing-10 u-block-e205-37\"><li class=\"u-nav-item\"><a class=\"u-button-style u-nav-link\" href=\"Shortcuts.html\" data-page-id=\"466119760\">Shortcuts</a></li><li class=\"u-nav-item\"><a class=\"u-button-style u-nav-link\" href=\"Javascript.html\" data-page-id=\"79779984\">Javascript</a></li><li class=\"u-nav-item\"><a class=\"u-button-style u-nav-link\" href=\"Cad.html\" data-page-id=\"305182190\">Cad</a></li></ul></div></li><li class=\"u-nav-item\"><a class=\"u-button-style u-nav-link\" href=\"Activities.html\" data-page-id=\"35682294\" style=\"padding: 10px 20px;\">Activities</a><div class=\"u-nav-popup\"><ul class=\"u-h-spacing-20 u-nav u-unstyled u-v-spacing-10 u-block-e205-38\"><li class=\"u-nav-item\"><a class=\"u-button-style u-nav-link\" href=\"Rock-Climbing.html\" data-page-id=\"83310926\">Rock Climbing</a></li><li class=\"u-nav-item\"><a class=\"u-button-style u-nav-link\" href=\"Minecraft.html\" data-page-id=\"78456523\">Minecraft</a></li><li class=\"u-nav-item\"><a class=\"u-button-style u-nav-link\" href=\"Brawl-Stars.html\" data-page-id=\"47035978\">Brawl Stars</a></li></ul></div></li><li class=\"u-nav-item\"><a class=\"u-button-style u-nav-link\" href=\"School.html\" data-page-id=\"773723340\" style=\"padding: 10px 20px;\">School</a><div class=\"u-nav-popup\"><ul class=\"u-h-spacing-20 u-nav u-unstyled u-v-spacing-10 u-block-e205-39\"><li class=\"u-nav-item\"><a class=\"u-button-style u-nav-link\" href=\"Math.html\" data-page-id=\"77289138\">Math</a></li><li class=\"u-nav-item\"><a class=\"u-button-style u-nav-link\" href=\"Literature.html\" data-page-id=\"510920405\">Literature</a></li></ul></div></li><li class=\"u-nav-item\"><a class=\"u-button-style u-nav-link\" href=\"Friends.html\" data-page-id=\"343409776\" style=\"padding: 10px 20px;\">Friends</a><div class=\"u-nav-popup\"><ul class=\"u-h-spacing-20 u-nav u-unstyled u-v-spacing-10 u-block-e205-40\"><li class=\"u-nav-item\"><a class=\"u-button-style u-nav-link\" href=\"Site-Buttons.html\" data-page-id=\"53365718\">Site Buttons</a></li></ul></div></li><li class=\"u-nav-item\"><a class=\"u-button-style u-nav-link\" href=\"Contact.html\" data-page-id=\"20407212\" style=\"padding: 10px 20px;\">Contact</a><div class=\"u-nav-popup\"><ul class=\"u-h-spacing-20 u-nav u-unstyled u-v-spacing-10 u-block-e205-41\"><li class=\"u-nav-item\"><a class=\"u-button-style u-nav-link\" href=\"Comment.html\" data-page-id=\"81392427\">Comment</a></li><li class=\"u-nav-item\"><a class=\"u-button-style u-nav-link\" href=\"Private-Message.html\" data-page-id=\"598003829\">Private Message</a></li></ul></div></li></ul>\n        </div>\n        <div class=\"u-black u-menu-overlay u-opacity u-opacity-70\"></div>\n    </div></nav></div>\n  <style data-mode=\"XL\" data-visited=\"true\">@media (min-width: 1200px){ .u-block-e205-1 {background-image: none}\n.u-block-e205-2 {min-height: 165px}\n.u-block-e205-20 {margin-top: 1px; margin-left: auto; margin-right: auto; margin-bottom: 0px}\n.u-block-e205-31 {background-image: none; border-style: solid}\n.u-block-e205-21 {margin-top: 2px; margin-left: auto; margin-right: auto; margin-bottom: 13px}\n.u-block-e205-22 {font-size: 1.875rem}\n.u-block-e205-32 {box-shadow: 2px 2px 8px 0 rgba(var(--grey-50-r),var(--grey-50-g),var(--grey-50-b),1)}\n.u-block-e205-33 {box-shadow: 2px 2px 8px 0 rgba(var(--grey-50-r),var(--grey-50-g),var(--grey-50-b),1)}\n.u-block-e205-34 {box-shadow: 2px 2px 8px 0 rgba(var(--grey-50-r),var(--grey-50-g),var(--grey-50-b),1)}\n.u-block-e205-35 {box-shadow: 2px 2px 8px 0 rgba(var(--grey-50-r),var(--grey-50-g),var(--grey-50-b),1)}\n.u-block-e205-36 {box-shadow: 2px 2px 8px 0 rgba(var(--grey-50-r),var(--grey-50-g),var(--grey-50-b),1)}\n.u-block-e205-26 {font-size: 1.25rem}\n.u-block-e205-37 {box-shadow: 2px 2px 8px 0 rgba(var(--grey-50-r),var(--grey-50-g),var(--grey-50-b),1)}\n.u-block-e205-38 {box-shadow: 2px 2px 8px 0 rgba(var(--grey-50-r),var(--grey-50-g),var(--grey-50-b),1)}\n.u-block-e205-39 {box-shadow: 2px 2px 8px 0 rgba(var(--grey-50-r),var(--grey-50-g),var(--grey-50-b),1)}\n.u-block-e205-40 {box-shadow: 2px 2px 8px 0 rgba(var(--grey-50-r),var(--grey-50-g),var(--grey-50-b),1)}\n.u-block-e205-41 {box-shadow: 2px 2px 8px 0 rgba(var(--grey-50-r),var(--grey-50-g),var(--grey-50-b),1)} }</style>\n  <style data-mode=\"LG\" data-visited=\"true\">@media (max-width: 1199px) and (min-width: 992px){ .u-block-e205-1 {background-image: none}\n.u-block-e205-2 {min-height: 165px}\n.u-block-e205-20 {margin-top: 1px; margin-right: auto; margin-bottom: 0px; margin-left: auto}\n.u-block-e205-31 {padding-top: 0px; padding-bottom: 0px; padding-left: 0px; padding-right: 0px; background-image: none; border-style: solid}\n.u-block-e205-21 {margin-top: 2px; margin-left: auto; margin-right: auto; margin-bottom: 13px}\n.u-block-e205-22 {font-size: 1.875rem}\n.u-block-e205-32 {box-shadow: 2px 2px 8px 0 rgba(var(--grey-50-r),var(--grey-50-g),var(--grey-50-b),1)}\n.u-block-e205-33 {box-shadow: 2px 2px 8px 0 rgba(var(--grey-50-r),var(--grey-50-g),var(--grey-50-b),1)}\n.u-block-e205-34 {box-shadow: 2px 2px 8px 0 rgba(var(--grey-50-r),var(--grey-50-g),var(--grey-50-b),1)}\n.u-block-e205-35 {box-shadow: 2px 2px 8px 0 rgba(var(--grey-50-r),var(--grey-50-g),var(--grey-50-b),1)}\n.u-block-e205-36 {box-shadow: 2px 2px 8px 0 rgba(var(--grey-50-r),var(--grey-50-g),var(--grey-50-b),1)}\n.u-block-e205-26 {font-size: 1.25rem}\n.u-block-e205-37 {box-shadow: 2px 2px 8px 0 rgba(var(--grey-50-r),var(--grey-50-g),var(--grey-50-b),1)}\n.u-block-e205-38 {box-shadow: 2px 2px 8px 0 rgba(var(--grey-50-r),var(--grey-50-g),var(--grey-50-b),1)}\n.u-block-e205-39 {box-shadow: 2px 2px 8px 0 rgba(var(--grey-50-r),var(--grey-50-g),var(--grey-50-b),1)}\n.u-block-e205-40 {box-shadow: 2px 2px 8px 0 rgba(var(--grey-50-r),var(--grey-50-g),var(--grey-50-b),1)}\n.u-block-e205-41 {box-shadow: 2px 2px 8px 0 rgba(var(--grey-50-r),var(--grey-50-g),var(--grey-50-b),1)} }</style>\n  <style data-mode=\"MD\" data-visited=\"true\">@media (max-width: 991px) and (min-width: 768px){ .u-block-e205-1 {background-image: none}\n.u-block-e205-2 {min-height: 165px}\n.u-block-e205-20 {margin-top: 1px; margin-right: auto; margin-bottom: 0px; margin-left: auto}\n.u-block-e205-31 {padding-top: 0px; padding-bottom: 0px; padding-left: 0px; padding-right: 0px; background-image: none; border-style: solid}\n.u-block-e205-21 {margin-top: 2px; margin-left: auto; margin-right: auto; margin-bottom: 13px}\n.u-block-e205-22 {font-size: 1.875rem}\n.u-block-e205-32 {box-shadow: 2px 2px 8px 0 rgba(var(--grey-50-r),var(--grey-50-g),var(--grey-50-b),1)}\n.u-block-e205-33 {box-shadow: 2px 2px 8px 0 rgba(var(--grey-50-r),var(--grey-50-g),var(--grey-50-b),1)}\n.u-block-e205-34 {box-shadow: 2px 2px 8px 0 rgba(var(--grey-50-r),var(--grey-50-g),var(--grey-50-b),1)}\n.u-block-e205-35 {box-shadow: 2px 2px 8px 0 rgba(var(--grey-50-r),var(--grey-50-g),var(--grey-50-b),1)}\n.u-block-e205-36 {box-shadow: 2px 2px 8px 0 rgba(var(--grey-50-r),var(--grey-50-g),var(--grey-50-b),1)}\n.u-block-e205-26 {font-size: 1.25rem}\n.u-block-e205-37 {box-shadow: 2px 2px 8px 0 rgba(var(--grey-50-r),var(--grey-50-g),var(--grey-50-b),1)}\n.u-block-e205-38 {box-shadow: 2px 2px 8px 0 rgba(var(--grey-50-r),var(--grey-50-g),var(--grey-50-b),1)}\n.u-block-e205-39 {box-shadow: 2px 2px 8px 0 rgba(var(--grey-50-r),var(--grey-50-g),var(--grey-50-b),1)}\n.u-block-e205-40 {box-shadow: 2px 2px 8px 0 rgba(var(--grey-50-r),var(--grey-50-g),var(--grey-50-b),1)}\n.u-block-e205-41 {box-shadow: 2px 2px 8px 0 rgba(var(--grey-50-r),var(--grey-50-g),var(--grey-50-b),1)} }</style>\n  <style data-mode=\"SM\" data-visited=\"true\">@media (max-width: 767px) and (min-width: 576px){ .u-block-e205-1 {background-image: none}\n.u-block-e205-2 {min-height: 165px}\n.u-block-e205-20 {margin-top: 1px; margin-right: auto; margin-bottom: 0px; margin-left: auto}\n.u-block-e205-31 {padding-top: 0px; padding-bottom: 0px; padding-left: 0px; padding-right: 0px; background-image: none; border-style: solid}\n.u-block-e205-21 {margin-top: 2px; margin-left: auto; margin-right: auto; margin-bottom: 13px}\n.u-block-e205-22 {font-size: 1.875rem}\n.u-block-e205-32 {box-shadow: 2px 2px 8px 0 rgba(var(--grey-50-r),var(--grey-50-g),var(--grey-50-b),1)}\n.u-block-e205-33 {box-shadow: 2px 2px 8px 0 rgba(var(--grey-50-r),var(--grey-50-g),var(--grey-50-b),1)}\n.u-block-e205-34 {box-shadow: 2px 2px 8px 0 rgba(var(--grey-50-r),var(--grey-50-g),var(--grey-50-b),1)}\n.u-block-e205-35 {box-shadow: 2px 2px 8px 0 rgba(var(--grey-50-r),var(--grey-50-g),var(--grey-50-b),1)}\n.u-block-e205-36 {box-shadow: 2px 2px 8px 0 rgba(var(--grey-50-r),var(--grey-50-g),var(--grey-50-b),1)}\n.u-block-e205-26 {font-size: 1.25rem}\n.u-block-e205-37 {box-shadow: 2px 2px 8px 0 rgba(var(--grey-50-r),var(--grey-50-g),var(--grey-50-b),1)}\n.u-block-e205-38 {box-shadow: 2px 2px 8px 0 rgba(var(--grey-50-r),var(--grey-50-g),var(--grey-50-b),1)}\n.u-block-e205-39 {box-shadow: 2px 2px 8px 0 rgba(var(--grey-50-r),var(--grey-50-g),var(--grey-50-b),1)}\n.u-block-e205-40 {box-shadow: 2px 2px 8px 0 rgba(var(--grey-50-r),var(--grey-50-g),var(--grey-50-b),1)}\n.u-block-e205-41 {box-shadow: 2px 2px 8px 0 rgba(var(--grey-50-r),var(--grey-50-g),var(--grey-50-b),1)} }</style>\n  <style data-mode=\"XS\" data-visited=\"true\">@media (max-width: 575px){ .u-block-e205-1 {background-image: none}\n.u-block-e205-2 {min-height: 165px}\n.u-block-e205-20 {margin-top: 1px; margin-right: auto; margin-bottom: 0px; margin-left: auto}\n.u-block-e205-31 {padding-top: 0px; padding-bottom: 0px; padding-left: 0px; padding-right: 0px; background-image: none; border-style: solid}\n.u-block-e205-21 {margin-top: 2px; margin-left: auto; margin-right: auto; margin-bottom: 13px}\n.u-block-e205-22 {font-size: 1.875rem}\n.u-block-e205-32 {box-shadow: 2px 2px 8px 0 rgba(var(--grey-50-r),var(--grey-50-g),var(--grey-50-b),1)}\n.u-block-e205-33 {box-shadow: 2px 2px 8px 0 rgba(var(--grey-50-r),var(--grey-50-g),var(--grey-50-b),1)}\n.u-block-e205-34 {box-shadow: 2px 2px 8px 0 rgba(var(--grey-50-r),var(--grey-50-g),var(--grey-50-b),1)}\n.u-block-e205-35 {box-shadow: 2px 2px 8px 0 rgba(var(--grey-50-r),var(--grey-50-g),var(--grey-50-b),1)}\n.u-block-e205-36 {box-shadow: 2px 2px 8px 0 rgba(var(--grey-50-r),var(--grey-50-g),var(--grey-50-b),1)}\n.u-block-e205-26 {font-size: 1.25rem}\n.u-block-e205-37 {box-shadow: 2px 2px 8px 0 rgba(var(--grey-50-r),var(--grey-50-g),var(--grey-50-b),1)}\n.u-block-e205-38 {box-shadow: 2px 2px 8px 0 rgba(var(--grey-50-r),var(--grey-50-g),var(--grey-50-b),1)}\n.u-block-e205-39 {box-shadow: 2px 2px 8px 0 rgba(var(--grey-50-r),var(--grey-50-g),var(--grey-50-b),1)}\n.u-block-e205-40 {box-shadow: 2px 2px 8px 0 rgba(var(--grey-50-r),var(--grey-50-g),var(--grey-50-b),1)}\n.u-block-e205-41 {box-shadow: 2px 2px 8px 0 rgba(var(--grey-50-r),var(--grey-50-g),var(--grey-50-b),1)} }</style>\n</section>","footerHtml":"<section class=\"u-align-center u-clearfix u-footer u-grey-80 u-block-f926-1\" custom-posts-hash=\"T\" data-state=\"{&quot;min-height&quot;:{&quot;canCollapse&quot;:{&quot;XL&quot;:null,&quot;LG&quot;:null,&quot;MD&quot;:null,&quot;SM&quot;:null,&quot;XS&quot;:null}}}\" data-style=\"footer-1-text\" data-post-id=\"post0\" data-section-properties=\"{&quot;grid-spacing&quot;:&quot;30&quot;,&quot;spacingAdditional&quot;:&quot;none&quot;,&quot;align&quot;:&quot;&quot;,&quot;stretch&quot;:true}\" id=\"sec-94e1\" data-source=\"\" data-id=\"f926\">\n  <div class=\"u-clearfix u-sheet u-block-f926-2\" data-state=\"{&quot;margin-top&quot;:{&quot;shouldApplyDefaultMargins&quot;:{&quot;XL&quot;:false,&quot;LG&quot;:false,&quot;MD&quot;:false,&quot;SM&quot;:false,&quot;XS&quot;:false},&quot;parentVerticalAlign&quot;:{&quot;XL&quot;:&quot;&quot;,&quot;LG&quot;:&quot;&quot;,&quot;MD&quot;:&quot;&quot;,&quot;SM&quot;:&quot;&quot;,&quot;XS&quot;:&quot;&quot;}},&quot;margin-bottom&quot;:{&quot;shouldApplyDefaultMargins&quot;:{&quot;XL&quot;:false,&quot;LG&quot;:false,&quot;MD&quot;:false,&quot;SM&quot;:false,&quot;XS&quot;:false},&quot;parentVerticalAlign&quot;:{&quot;XL&quot;:&quot;&quot;,&quot;LG&quot;:&quot;&quot;,&quot;MD&quot;:&quot;&quot;,&quot;SM&quot;:&quot;&quot;,&quot;XS&quot;:&quot;&quot;}}}\">\n    \n  <div class=\"u-clearfix u-custom-html u-expanded-width u-block-f926-7\" data-state=\"{&quot;margin-top&quot;:{&quot;shouldApplyDefaultMargins&quot;:{&quot;XL&quot;:false,&quot;LG&quot;:false,&quot;MD&quot;:false,&quot;SM&quot;:false,&quot;XS&quot;:false},&quot;parentVerticalAlign&quot;:{&quot;XL&quot;:&quot;&quot;,&quot;LG&quot;:&quot;&quot;,&quot;MD&quot;:&quot;&quot;,&quot;SM&quot;:&quot;&quot;,&quot;XS&quot;:&quot;&quot;}},&quot;margin-bottom&quot;:{&quot;shouldApplyDefaultMargins&quot;:{&quot;XL&quot;:false,&quot;LG&quot;:false,&quot;MD&quot;:false,&quot;SM&quot;:false,&quot;XS&quot;:false},&quot;parentVerticalAlign&quot;:{&quot;XL&quot;:&quot;&quot;,&quot;LG&quot;:&quot;&quot;,&quot;MD&quot;:&quot;&quot;,&quot;SM&quot;:&quot;&quot;,&quot;XS&quot;:&quot;&quot;}}}\"><center><a rel=\"license\" href=\"http://creativecommons.org/licenses/by-nc-sa/4.0/\" target=\"_blank\"><img alt=\"Creative Commons License\" style=\"border-width:0\" src=\"https://i.creativecommons.org/l/by-nc-sa/4.0/88x31.png\"></a><br>This work is licensed under a <a rel=\"license\" href=\"http://creativecommons.org/licenses/by-nc-sa/4.0/\" target=\"_blank\">Creative Commons Attribution-NonCommercial-ShareAlike 4.0 International License</a>.</center></div></div>\n  <style data-mode=\"XL\">@media (min-width: 1200px){ .u-block-f926-1 {background-image: none}\n.u-block-f926-2 {min-height: 74.3282px}\n.u-block-f926-7 {min-height: 56px; background-image: none; margin-top: 9.3282px; margin-left: 0px; margin-right: 0px; margin-bottom: 9px} }</style>\n  <style data-mode=\"LG\">@media (max-width: 1199px) and (min-width: 992px){ .u-block-f926-1 {background-image: none}\n.u-block-f926-2 {min-height: 99px}\n.u-block-f926-7 {min-height: 56px; margin-top: 9.3282px; margin-bottom: 9px; background-image: none; height: auto} }</style>\n  <style data-mode=\"MD\">@media (max-width: 991px) and (min-width: 768px){ .u-block-f926-1 {background-image: none}\n.u-block-f926-2 {min-height: 76px}\n.u-block-f926-7 {min-height: 56px; margin-top: 9.3282px; margin-bottom: 9px; background-image: none; height: auto} }</style>\n  <style data-mode=\"SM\">@media (max-width: 767px) and (min-width: 576px){ .u-block-f926-1 {background-image: none}\n.u-block-f926-2 {min-height: 57px}\n.u-block-f926-7 {min-height: 56px; margin-top: 9.3282px; margin-bottom: 9px; background-image: none; height: auto} }</style>\n  <style data-mode=\"XS\">@media (max-width: 575px){ .u-block-f926-1 {background-image: none}\n.u-block-f926-2 {min-height: 36px}\n.u-block-f926-7 {min-height: 56px; margin-top: 9.3282px; margin-bottom: 9px; background-image: none; height: auto} }</style>\n</section>","hideBacklink":null,"homePageId":2901208416,"dateUpdated":1596604556178,"settings":"{\"title\":\"Timothys Portfolio\",\"homePageId\":\"2901208416\",\"description\":\"\",\"keywords\":\"\",\"analytics\":\"\",\"googleTagManager\":\"\",\"googleOptimizeId\":\"\",\"captchaSiteKey\":\"\",\"captchaSecretKey\":\"\",\"metaTags\":\"\",\"headHtml\":\"\",\"customCss\":\"\",\"themeAuthor\":\"\",\"themeAuthorUrl\":\"\",\"themeVersion\":\"1.0\",\"themeUrl\":\"\",\"themeTags\":\"left-sidebar, right-sidebar, custom-background, custom-colors, blog\",\"themeDescription\":\"Nicepage-generated theme\",\"showBrand\":\"false\",\"favicon\":\"favicon.png\",\"whiteLabelTitle\":\"Nicepage\",\"whiteLabelLogoSmall\":\"\",\"whiteLabelLogoBig\":\"\",\"whiteLabelAuthor\":\"Nicepage https://www.nicepage.com\",\"whiteLabelAuthorUrl\":\"https://nicepage.com/\",\"whiteLabelDescription\":\"Design websites with any images and texts in seconds!\",\"themeThumbnail\":\"\",\"cookies\":\"false\",\"cookieConfirmCode\":\"\",\"embedFonts\":\"false\",\"lazyLoading\":\"false\",\"lang\":\"en\",\"country\":\"\",\"analyticsCode\":\"\",\"captchaScript\":\"\",\"colorScheme\":{\"bodyColors\":[\"#111111\",\"#ffffff\"],\"bgColor\":\"#fffff0\",\"colors\":[\"#478ac9\",\"#db545a\",\"#f1c50e\",\"#2cccc4\",\"#b9c1cc\"],\"customColors\":[{\"color\":\"#6495ed\",\"status\":0},{\"color\":\"#fffff0\",\"status\":0}],\"shadingContrast\":\"body-alt-color\",\"whiteContrast\":\"body-color\",\"bgContrast\":\"body-color\",\"name\":\"u12\"},\"fontScheme\":{\"name\":\"custom-font-family-1\",\"fonts\":{\"heading\":\"Georgia, serif\",\"text\":\"Georgia, serif\",\"accent\":\"Arial, sans-serif\",\"headingTitle\":\"Georgia\",\"textTitle\":\"Georgia\",\"rank\":10}},\"typography\":{\"name\":\"custom-page-typography-2\",\"title\":{\"font-weight\":\"400\",\"font-size\":4.5,\"line-height\":\"1_1\",\"margin-top\":20,\"margin-bottom\":20,\"SM\":{\"font-size\":3.75},\"XS\":{\"font-size\":3}},\"subtitle\":{\"font-weight\":\"400\",\"font-size\":2.25,\"line-height\":\"1_1\",\"margin-top\":20,\"margin-bottom\":20,\"XS\":{\"font-size\":1.5}},\"h1\":{\"font-weight\":\"400\",\"font-size\":3,\"line-height\":\"1_1\",\"margin-top\":20,\"margin-bottom\":20,\"XS\":{\"font-size\":2.25}},\"h2\":{\"font-weight\":\"400\",\"font-size\":2.25,\"line-height\":\"1_1\",\"margin-top\":20,\"margin-bottom\":20,\"XS\":{\"font-size\":1.5}},\"h3\":{\"font-weight\":\"400\",\"font-size\":1.875,\"line-height\":\"1_2\",\"margin-top\":20,\"margin-bottom\":20,\"XS\":{\"font-size\":1.5}},\"h4\":{\"font-weight\":\"400\",\"font-size\":1.5,\"line-height\":\"1_2\",\"margin-top\":20,\"margin-bottom\":20},\"h5\":{\"font-weight\":\"400\",\"font-size\":1.25,\"line-height\":\"1_2\",\"margin-top\":20,\"margin-bottom\":20},\"h6\":{\"font-weight\":\"400\",\"font-size\":1.125,\"line-height\":\"1_2\",\"margin-top\":20,\"margin-bottom\":20},\"largeText\":{\"font-size\":1.25,\"margin-top\":20,\"margin-bottom\":20},\"smallText\":{\"font-size\":0.875,\"margin-top\":20,\"margin-bottom\":20},\"text\":{\"margin-top\":20,\"margin-bottom\":20,\"font-size\":1.5},\"hyperlink\":{\"text-color\":\"palette-1-base\",\"font-size\":1.5},\"link\":{},\"button\":{\"color\":\"palette-1-base\",\"margin-top\":20,\"margin-bottom\":20,\"font-size\":1.5},\"blockquote\":{\"font-style\":\"italic\",\"indent\":20,\"border\":4,\"border-color\":\"palette-1-base\",\"margin-top\":20,\"margin-bottom\":20},\"metadata\":{\"margin-top\":20,\"margin-bottom\":20},\"list\":{\"margin-top\":20,\"margin-bottom\":20,\"font-size\":1.5},\"orderedlist\":{\"margin-top\":20,\"margin-bottom\":20,\"font-size\":1.5},\"postContent\":{\"margin-top\":20,\"margin-bottom\":20},\"theme\":{\"gradient\":\"\",\"image\":\"\",\"background-image\":false,\"background-attachment\":\"fixed\"},\"htmlBaseSize\":16},\"backToTop\":\"<span style=\\\"height: 64px; width: 64px; margin-left: 0px; margin-right: auto; margin-top: 0px; background-image: none; right: 20px; bottom: 20px;\\\" class=\\\"u-back-to-top u-icon u-icon-rounded u-opacity u-opacity-85 u-palette-1-base u-spacing-10\\\" data-href=\\\"#\\\">\\n        <svg class=\\\"u-svg-link\\\" preserveAspectRatio=\\\"xMidYMin slice\\\" viewBox=\\\"0 0 551.13 551.13\\\">\\n            <use xmlns:xlink=\\\"http://www.w3.org/1999/xlink\\\" xlink:href=\\\"#svg-1d98\\\"></use>\\n        </svg>\\n        <svg class=\\\"u-svg-content\\\" enable-background=\\\"new 0 0 551.13 551.13\\\" viewBox=\\\"0 0 551.13 551.13\\\" xmlns=\\\"http://www.w3.org/2000/svg\\\" id=\\\"svg-1d98\\\">\\n            <path d=\\\"m275.565 189.451 223.897 223.897h51.668l-275.565-275.565-275.565 275.565h51.668z\\\"></path>\\n        </svg>\\n    </span>\",\"cookiesSection\":\"<section class=\\\"u-align-center u-block-9e25-1 u-clearfix u-cookies-consent u-grey-80\\\" custom-posts-hash=\\\"T\\\" style=\\\"background-image: none\\\" data-post-id=\\\"1\\\" data-section-properties=\\\"{&quot;stretch&quot;:true}\\\" data-id=\\\"9e25\\\" data-posts-content=\\\"[{'images':[],'maps':[],'videos':[],'icons':[],'textWidth':874,'textHeight':152,'id':1,'headingProp':'h3','textProp':'text'}]\\\" data-style=\\\"cookie-1\\\" id=\\\"sec-f518\\\" data-source=\\\"\\\">\\n  \\n  \\n  \\n  \\n  \\n  \\n<div class=\\\"u-block-9e25-12 u-clearfix u-sheet u-valign-middle\\\" style=\\\"min-height: 212px\\\" data-height-lg=\\\"212\\\" data-height-md=\\\"185\\\" data-height-sm=\\\"160\\\" data-state=\\\"{&quot;margin-top&quot;:{&quot;shouldApplyDefaultMargins&quot;:{&quot;XL&quot;:false,&quot;LG&quot;:false,&quot;MD&quot;:false,&quot;SM&quot;:false,&quot;XS&quot;:false},&quot;parentVerticalAlign&quot;:{&quot;XL&quot;:&quot;middle&quot;,&quot;LG&quot;:&quot;middle&quot;,&quot;MD&quot;:&quot;middle&quot;,&quot;SM&quot;:&quot;middle&quot;,&quot;XS&quot;:&quot;middle&quot;}},&quot;margin-bottom&quot;:{&quot;shouldApplyDefaultMargins&quot;:{&quot;XL&quot;:false,&quot;LG&quot;:false,&quot;MD&quot;:false,&quot;SM&quot;:false,&quot;XS&quot;:false},&quot;parentVerticalAlign&quot;:{&quot;XL&quot;:&quot;middle&quot;,&quot;LG&quot;:&quot;middle&quot;,&quot;MD&quot;:&quot;middle&quot;,&quot;SM&quot;:&quot;middle&quot;,&quot;XS&quot;:&quot;middle&quot;}}}\\\"><div class=\\\"u-block-9e25-7 u-clearfix u-expanded-width u-layout-wrap\\\" style=\\\"margin-top: 30px; margin-bottom: 30px\\\" data-state=\\\"{&quot;margin-top&quot;:{&quot;shouldApplyDefaultMargins&quot;:{&quot;XL&quot;:false,&quot;LG&quot;:false,&quot;MD&quot;:false,&quot;SM&quot;:true,&quot;XS&quot;:true},&quot;parentVerticalAlign&quot;:{&quot;XL&quot;:&quot;middle&quot;,&quot;LG&quot;:&quot;middle&quot;,&quot;MD&quot;:&quot;middle&quot;,&quot;SM&quot;:&quot;middle&quot;,&quot;XS&quot;:&quot;middle&quot;}},&quot;margin-bottom&quot;:{&quot;shouldApplyDefaultMargins&quot;:{&quot;XL&quot;:false,&quot;LG&quot;:false,&quot;MD&quot;:false,&quot;SM&quot;:true,&quot;XS&quot;:true},&quot;parentVerticalAlign&quot;:{&quot;XL&quot;:&quot;middle&quot;,&quot;LG&quot;:&quot;middle&quot;,&quot;MD&quot;:&quot;middle&quot;,&quot;SM&quot;:&quot;middle&quot;,&quot;XS&quot;:&quot;middle&quot;}}}\\\">\\n      <div class=\\\"u-gutter-0 u-layout\\\">\\n        <div class=\\\"u-layout-row\\\">\\n          <div class=\\\"u-block-9e25-8 u-container-style u-layout-cell u-left-cell u-size-46\\\" style=\\\"min-height: 152px\\\" data-state=\\\"{&quot;min-height&quot;:{&quot;expandedParent&quot;:{&quot;XL&quot;:true,&quot;LG&quot;:true,&quot;MD&quot;:true,&quot;SM&quot;:true,&quot;XS&quot;:true},&quot;cellMultiplier&quot;:{&quot;XL&quot;:1,&quot;LG&quot;:1,&quot;MD&quot;:1,&quot;SM&quot;:1.3043478260869565,&quot;XS&quot;:1},&quot;canCollapse&quot;:{&quot;XL&quot;:false,&quot;LG&quot;:false,&quot;MD&quot;:true,&quot;SM&quot;:true,&quot;XS&quot;:true}}}\\\">\\n            <div class=\\\"u-block-9e25-9 u-container-layout u-valign-middle\\\" style=\\\"padding-top: 30px; padding-bottom: 30px; padding-left: 60px; padding-right: 60px\\\" data-state=\\\"{&quot;min-height&quot;:{&quot;canCollapse&quot;:{&quot;XL&quot;:false,&quot;LG&quot;:false,&quot;MD&quot;:false,&quot;SM&quot;:false,&quot;XS&quot;:false}}}\\\">\\n              <h3 class=\\\"u-block-9e25-6 u-text u-text-default\\\" style=\\\"margin-top: 0px; margin-right: 20px; margin-bottom: 0px\\\">Cookies &amp; Privacy</h3>\\n              <p class=\\\"u-block-9e25-5 u-text u-text-default\\\" style=\\\"margin-top: 8px; margin-right: 20px; margin-bottom: 0px; margin-left: 0px\\\">This website uses cookies to ensure you get the best experience on our website.</p>\\n            </div>\\n          </div>\\n          <div class=\\\"u-align-left u-block-9e25-10 u-container-style u-layout-cell u-right-cell u-size-14\\\" style=\\\"min-height: 152px\\\" data-state=\\\"{&quot;min-height&quot;:{&quot;expandedParent&quot;:{&quot;XL&quot;:true,&quot;LG&quot;:true,&quot;MD&quot;:true,&quot;SM&quot;:true,&quot;XS&quot;:true},&quot;cellMultiplier&quot;:{&quot;XL&quot;:1,&quot;LG&quot;:1,&quot;MD&quot;:1,&quot;SM&quot;:4.285714285714286,&quot;XS&quot;:1},&quot;canCollapse&quot;:{&quot;XL&quot;:false,&quot;LG&quot;:false,&quot;MD&quot;:true,&quot;SM&quot;:true,&quot;XS&quot;:true}}}\\\">\\n            <div class=\\\"u-block-9e25-11 u-container-layout u-valign-middle\\\" style=\\\"padding-top: 30px; padding-bottom: 30px; padding-left: 30px; padding-right: 30px\\\" data-state=\\\"{&quot;min-height&quot;:{&quot;canCollapse&quot;:{&quot;XL&quot;:false,&quot;LG&quot;:false,&quot;MD&quot;:false,&quot;SM&quot;:false,&quot;XS&quot;:false}}}\\\">\\n              <a href=\\\"###\\\" class=\\\"u-block-9e25-3 u-btn u-button-confirm u-button-style u-palette-1-base\\\" style=\\\"margin-top: 0px; margin-right: auto; margin-bottom: 0px; margin-left: 0px\\\">Confirm</a>\\n            </div>\\n          </div>\\n        </div>\\n      </div>\\n    </div></div><style data-mode=\\\"XL\\\" data-visited=\\\"true\\\">@media (max-width: 0px) { .u-block-9e25-1 {background-image: none}\\n.u-block-9e25-12 {min-height: 212px}\\n.u-block-9e25-7 {margin-top: 30px; margin-bottom: 30px}\\n.u-block-9e25-8 {min-height: 152px}\\n.u-block-9e25-9 {padding-top: 30px; padding-bottom: 30px; padding-left: 60px; padding-right: 60px}\\n.u-block-9e25-6 {margin-top: 0px; margin-right: 20px; margin-bottom: 0px}\\n.u-block-9e25-5 {margin-top: 8px; margin-right: 20px; margin-bottom: 0px; margin-left: 0px}\\n.u-block-9e25-10 {min-height: 152px}\\n.u-block-9e25-11 {padding-top: 30px; padding-bottom: 30px; padding-left: 30px; padding-right: 30px}\\n.u-block-9e25-3 {margin-top: 0px; margin-right: auto; margin-bottom: 0px; margin-left: 0px} }</style><style data-mode=\\\"LG\\\">@media (max-width: 0px) { .u-block-9e25-1 {background-image: none}\\n.u-block-9e25-12 {min-height: 185px}\\n.u-block-9e25-7 {margin-top: 30px; margin-bottom: 30px}\\n.u-block-9e25-8 {min-height: 125px}\\n.u-block-9e25-9 {padding-top: 30px; padding-bottom: 30px; padding-left: 60px; padding-right: 60px}\\n.u-block-9e25-6 {margin-top: 0px; margin-right: 16px; margin-bottom: 0px}\\n.u-block-9e25-5 {margin-top: 8px; margin-right: 16px; margin-bottom: 0px; margin-left: 0px}\\n.u-block-9e25-10 {min-height: 125px}\\n.u-block-9e25-11 {padding-top: 30px; padding-bottom: 30px; padding-left: 30px; padding-right: 30px}\\n.u-block-9e25-3 {margin-top: 0px; margin-right: auto; margin-bottom: 0px; margin-left: 0px} }</style><style data-mode=\\\"MD\\\">@media (max-width: 0px) { .u-block-9e25-1 {background-image: none}\\n.u-block-9e25-12 {min-height: 160px}\\n.u-block-9e25-7 {margin-top: 30px; margin-bottom: 30px}\\n.u-block-9e25-8 {min-height: 100px}\\n.u-block-9e25-9 {padding-top: 30px; padding-bottom: 30px; padding-left: 30px; padding-right: 30px}\\n.u-block-9e25-6 {margin-top: 0px; margin-right: 12px; margin-bottom: 0px}\\n.u-block-9e25-5 {margin-top: 8px; margin-right: 12px; margin-bottom: 0px; margin-left: 0px}\\n.u-block-9e25-10 {min-height: 100px}\\n.u-block-9e25-11 {padding-top: 30px; padding-bottom: 30px; padding-left: 30px; padding-right: 30px}\\n.u-block-9e25-3 {margin-top: 0px; margin-right: auto; margin-bottom: 0px; margin-left: 0px} }</style><style data-mode=\\\"SM\\\">@media (max-width: 0px) { .u-block-9e25-1 {background-image: none}\\n.u-block-9e25-12 {min-height: 260px}\\n.u-block-9e25-7 {margin-top: 30px; margin-bottom: 30px}\\n.u-block-9e25-8 {min-height: 100px}\\n.u-block-9e25-9 {padding-top: 30px; padding-bottom: 30px; padding-left: 10px; padding-right: 10px}\\n.u-block-9e25-6 {margin-top: 0px; margin-right: 14px; margin-bottom: 0px}\\n.u-block-9e25-5 {margin-top: 8px; margin-right: 14px; margin-bottom: 0px; margin-left: 0px}\\n.u-block-9e25-10 {min-height: 100px}\\n.u-block-9e25-11 {padding-top: 30px; padding-bottom: 30px; padding-left: 10px; padding-right: 10px}\\n.u-block-9e25-3 {margin-top: 0px; margin-right: auto; margin-bottom: 0px; margin-left: 0px} }</style><style data-mode=\\\"XS\\\">@media (max-width: 0px) { .u-block-9e25-1 {background-image: none}\\n.u-block-9e25-12 {min-height: 260px}\\n.u-block-9e25-7 {margin-top: 30px; margin-bottom: 30px}\\n.u-block-9e25-8 {min-height: 100px}\\n.u-block-9e25-9 {padding-top: 30px; padding-bottom: 30px; padding-left: 10px; padding-right: 10px}\\n.u-block-9e25-6 {margin-top: 0px; margin-right: 9px; margin-bottom: 0px}\\n.u-block-9e25-5 {margin-top: 8px; margin-right: 9px; margin-bottom: 0px; margin-left: 0px}\\n.u-block-9e25-10 {min-height: 100px}\\n.u-block-9e25-11 {padding-top: 30px; padding-bottom: 30px; padding-left: 10px; padding-right: 10px}\\n.u-block-9e25-3 {margin-top: 0px; margin-right: auto; margin-bottom: 0px; margin-left: 0px} }</style></section>\",\"id\":43772128,\"publishNicePageCss\":\"\",\"cookiesConsent\":{\"publishCookiesSection\":\"<section class=\\\"u-align-center u-clearfix u-cookies-consent u-grey-80 u-cookies-consent\\\" id=\\\"sec-f518\\\">\\n      <div class=\\\"u-clearfix u-sheet u-valign-middle u-sheet-1\\\">\\n        <div class=\\\"u-clearfix u-expanded-width u-layout-wrap u-layout-wrap-1\\\">\\n          <div class=\\\"u-gutter-0 u-layout\\\">\\n            <div class=\\\"u-layout-row\\\">\\n              <div class=\\\"u-container-style u-layout-cell u-left-cell u-size-46 u-layout-cell-1\\\">\\n                <div class=\\\"u-container-layout u-valign-middle u-container-layout-1\\\">\\n                  <h3 class=\\\"u-text u-text-default u-text-1\\\">Cookies &amp; Privacy</h3>\\n                  <p class=\\\"u-text u-text-default u-text-2\\\">This website uses cookies to ensure you get the best experience on our website.</p>\\n                </div>\\n              </div>\\n              <div class=\\\"u-align-left u-container-style u-layout-cell u-right-cell u-size-14 u-layout-cell-2\\\">\\n                <div class=\\\"u-container-layout u-valign-middle u-container-layout-2\\\">\\n                  <a href=\\\"###\\\" class=\\\"u-btn u-button-confirm u-button-style u-palette-1-base u-btn-1\\\">Confirm</a>\\n                </div>\\n              </div>\\n            </div>\\n          </div>\\n        </div>\\n      </div>\\n    <style>.u-cookies-consent {background-image: none}\\n.u-cookies-consent .u-sheet-1 {min-height: 212px}\\n.u-cookies-consent .u-layout-wrap-1 {margin-top: 30px; margin-bottom: 30px}\\n.u-cookies-consent .u-layout-cell-1 {min-height: 152px}\\n.u-cookies-consent .u-container-layout-1 {padding: 30px 60px}\\n.u-cookies-consent .u-text-1 {margin-top: 0; margin-right: 20px; margin-bottom: 0}\\n.u-cookies-consent .u-text-2 {margin: 8px 20px 0 0}\\n.u-cookies-consent .u-layout-cell-2 {min-height: 152px}\\n.u-cookies-consent .u-container-layout-2 {padding: 30px}\\n.u-cookies-consent .u-btn-1 {margin: 0 auto 0 0} \\n\\n@media (max-width: 1199px){ .u-cookies-consent .u-sheet-1 {min-height: 185px}\\n.u-cookies-consent .u-layout-cell-1 {min-height: 125px}\\n.u-cookies-consent .u-text-1 {margin-right: 16px}\\n.u-cookies-consent .u-text-2 {margin-right: 16px}\\n.u-cookies-consent .u-layout-cell-2 {min-height: 125px} }\\n\\n@media (max-width: 991px){ .u-cookies-consent .u-sheet-1 {min-height: 160px}\\n.u-cookies-consent .u-layout-cell-1 {min-height: 100px}\\n.u-cookies-consent .u-container-layout-1 {padding-left: 30px; padding-right: 30px}\\n.u-cookies-consent .u-text-1 {margin-right: 12px}\\n.u-cookies-consent .u-text-2 {margin-right: 12px}\\n.u-cookies-consent .u-layout-cell-2 {min-height: 100px} }\\n\\n@media (max-width: 767px){ .u-cookies-consent .u-sheet-1 {min-height: 260px}\\n.u-cookies-consent .u-container-layout-1 {padding-left: 10px; padding-right: 10px}\\n.u-cookies-consent .u-text-1 {margin-right: 14px}\\n.u-cookies-consent .u-text-2 {margin-right: 14px}\\n.u-cookies-consent .u-container-layout-2 {padding-left: 10px; padding-right: 10px} }\\n\\n@media (max-width: 575px){ .u-cookies-consent .u-text-1 {margin-right: 9px}\\n.u-cookies-consent .u-text-2 {margin-right: 9px} }</style></section>\",\"hideCookies\":true,\"cookieConfirmCode\":\"\"}}","title":"Timothys Portfolio","siteStyleCss":"<style id=\"color-scheme\" color-scheme=\"u12\" color-style=\"multicolor-5\">.u-body {\n--none: transparent;\n--none-r: 255;\n--none-g: 255;\n--none-b: 255;\n--none-contrast: body-color;\n--none-darker: transparent;\n--none-contrast-darker: body-color;\n--none-text-color: var(--body-color);\n--custom-color-1: #6495ed;\n--custom-color-1-r: 100;\n--custom-color-1-g: 149;\n--custom-color-1-b: 237;\n--custom-color-1-contrast: white;\n--custom-color-1-darker: #4680e9;\n--custom-color-1-contrast-darker: white;\n--custom-color-1-text-color: var(--body-alt-color);\n--custom-color-2: #fffff0;\n--custom-color-2-r: 255;\n--custom-color-2-g: 255;\n--custom-color-2-b: 240;\n--custom-color-2-contrast: black;\n--custom-color-2-darker: #ffffbf;\n--custom-color-2-contrast-darker: black;\n--custom-color-2-text-color: var(--body-color);\n--body-color: #111111;\n--body-color-r: 17;\n--body-color-g: 17;\n--body-color-b: 17;\n--body-color-contrast: white;\n--body-color-darker: #0f0f0f;\n--body-color-contrast-darker: white;\n--body-color-text-color: var(--body-alt-color);\n--body-alt-color: #ffffff;\n--body-alt-color-r: 255;\n--body-alt-color-g: 255;\n--body-alt-color-b: 255;\n--body-alt-color-contrast: black;\n--body-alt-color-darker: #e6e6e6;\n--body-alt-color-contrast-darker: black;\n--body-alt-color-text-color: var(--body-color);\n--bg-color: #fffff0;\n--bg-color-r: 255;\n--bg-color-g: 255;\n--bg-color-b: 240;\n--bg-color-contrast: black;\n--bg-color-darker: #ffffbf;\n--bg-color-contrast-darker: black;\n--bg-color-text-color: var(--body-color);\n--palette-1-base: #478ac9;\n--palette-1-base-r: 71;\n--palette-1-base-g: 138;\n--palette-1-base-b: 201;\n--palette-1-base-contrast: white;\n--palette-1-base-darker: #387cbd;\n--palette-1-base-contrast-darker: white;\n--palette-1-base-text-color: var(--body-alt-color);\n--palette-1-dark-3: #292e33;\n--palette-1-dark-3-r: 41;\n--palette-1-dark-3-g: 46;\n--palette-1-dark-3-b: 51;\n--palette-1-dark-3-contrast: white;\n--palette-1-dark-3-darker: #25292e;\n--palette-1-dark-3-contrast-darker: white;\n--palette-1-dark-3-text-color: var(--body-alt-color);\n--palette-1-dark-2: #425465;\n--palette-1-dark-2-r: 66;\n--palette-1-dark-2-g: 84;\n--palette-1-dark-2-b: 101;\n--palette-1-dark-2-contrast: white;\n--palette-1-dark-2-darker: #3b4c5b;\n--palette-1-dark-2-contrast-darker: white;\n--palette-1-dark-2-text-color: var(--body-alt-color);\n--palette-1-dark-1: #4c7397;\n--palette-1-dark-1-r: 76;\n--palette-1-dark-1-g: 115;\n--palette-1-dark-1-b: 151;\n--palette-1-dark-1-contrast: white;\n--palette-1-dark-1-darker: #446888;\n--palette-1-dark-1-contrast-darker: white;\n--palette-1-dark-1-text-color: var(--body-alt-color);\n--palette-1: #478ac9;\n--palette-1-r: 71;\n--palette-1-g: 138;\n--palette-1-b: 201;\n--palette-1-contrast: white;\n--palette-1-darker: #387cbd;\n--palette-1-contrast-darker: white;\n--palette-1-text-color: var(--body-alt-color);\n--palette-1-light-1: #77aad9;\n--palette-1-light-1-r: 119;\n--palette-1-light-1-g: 170;\n--palette-1-light-1-b: 217;\n--palette-1-light-1-contrast: white;\n--palette-1-light-1-darker: #5d9ad2;\n--palette-1-light-1-contrast-darker: white;\n--palette-1-light-1-text-color: var(--body-alt-color);\n--palette-1-light-2: #adcce9;\n--palette-1-light-2-r: 173;\n--palette-1-light-2-g: 204;\n--palette-1-light-2-b: 233;\n--palette-1-light-2-contrast: black;\n--palette-1-light-2-darker: #8db8e0;\n--palette-1-light-2-contrast-darker: white;\n--palette-1-light-2-text-color: var(--body-color);\n--palette-1-light-3: #e9f2fa;\n--palette-1-light-3-r: 233;\n--palette-1-light-3-g: 242;\n--palette-1-light-3-b: 250;\n--palette-1-light-3-contrast: black;\n--palette-1-light-3-darker: #c2dbf1;\n--palette-1-light-3-contrast-darker: black;\n--palette-1-light-3-text-color: var(--body-color);\n--palette-2-base: #db545a;\n--palette-2-base-r: 219;\n--palette-2-base-g: 84;\n--palette-2-base-b: 90;\n--palette-2-base-contrast: white;\n--palette-2-base-darker: #d63b42;\n--palette-2-base-contrast-darker: white;\n--palette-2-base-text-color: var(--body-alt-color);\n--palette-2-dark-3: #332929;\n--palette-2-dark-3-r: 51;\n--palette-2-dark-3-g: 41;\n--palette-2-dark-3-b: 41;\n--palette-2-dark-3-contrast: white;\n--palette-2-dark-3-darker: #2e2525;\n--palette-2-dark-3-contrast-darker: white;\n--palette-2-dark-3-text-color: var(--body-alt-color);\n--palette-2-dark-2: #6b4748;\n--palette-2-dark-2-r: 107;\n--palette-2-dark-2-g: 71;\n--palette-2-dark-2-b: 72;\n--palette-2-dark-2-contrast: white;\n--palette-2-dark-2-darker: #604041;\n--palette-2-dark-2-contrast-darker: white;\n--palette-2-dark-2-text-color: var(--body-alt-color);\n--palette-2-dark-1: #a35559;\n--palette-2-dark-1-r: 163;\n--palette-2-dark-1-g: 85;\n--palette-2-dark-1-b: 89;\n--palette-2-dark-1-contrast: white;\n--palette-2-dark-1-darker: #934c50;\n--palette-2-dark-1-contrast-darker: white;\n--palette-2-dark-1-text-color: var(--body-alt-color);\n--palette-2: #db545a;\n--palette-2-r: 219;\n--palette-2-g: 84;\n--palette-2-b: 90;\n--palette-2-contrast: white;\n--palette-2-darker: #d63b42;\n--palette-2-contrast-darker: white;\n--palette-2-text-color: var(--body-alt-color);\n--palette-2-light-1: #e68387;\n--palette-2-light-1-r: 230;\n--palette-2-light-1-g: 131;\n--palette-2-light-1-b: 135;\n--palette-2-light-1-contrast: white;\n--palette-2-light-1-darker: #e0656a;\n--palette-2-light-1-contrast-darker: white;\n--palette-2-light-1-text-color: var(--body-alt-color);\n--palette-2-light-2: #f1b5b8;\n--palette-2-light-2-r: 241;\n--palette-2-light-2-g: 181;\n--palette-2-light-2-b: 184;\n--palette-2-light-2-contrast: black;\n--palette-2-light-2-darker: #ea9296;\n--palette-2-light-2-contrast-darker: white;\n--palette-2-light-2-text-color: var(--body-color);\n--palette-2-light-3: #fbeced;\n--palette-2-light-3-r: 251;\n--palette-2-light-3-g: 236;\n--palette-2-light-3-b: 237;\n--palette-2-light-3-contrast: black;\n--palette-2-light-3-darker: #f3c4c7;\n--palette-2-light-3-contrast-darker: black;\n--palette-2-light-3-text-color: var(--body-color);\n--palette-3-base: #f1c50e;\n--palette-3-base-r: 241;\n--palette-3-base-g: 197;\n--palette-3-base-b: 14;\n--palette-3-base-contrast: black;\n--palette-3-base-darker: #d9b10d;\n--palette-3-base-contrast-darker: white;\n--palette-3-base-text-color: var(--body-color);\n--palette-3-dark-3: #333129;\n--palette-3-dark-3-r: 51;\n--palette-3-dark-3-g: 49;\n--palette-3-dark-3-b: 41;\n--palette-3-dark-3-contrast: white;\n--palette-3-dark-3-darker: #2e2c25;\n--palette-3-dark-3-contrast-darker: white;\n--palette-3-dark-3-text-color: var(--body-alt-color);\n--palette-3-dark-2: #72683f;\n--palette-3-dark-2-r: 114;\n--palette-3-dark-2-g: 104;\n--palette-3-dark-2-b: 63;\n--palette-3-dark-2-contrast: white;\n--palette-3-dark-2-darker: #675e39;\n--palette-3-dark-2-contrast-darker: white;\n--palette-3-dark-2-text-color: var(--body-alt-color);\n--palette-3-dark-1: #b29a36;\n--palette-3-dark-1-r: 178;\n--palette-3-dark-1-g: 154;\n--palette-3-dark-1-b: 54;\n--palette-3-dark-1-contrast: white;\n--palette-3-dark-1-darker: #a08b31;\n--palette-3-dark-1-contrast-darker: white;\n--palette-3-dark-1-text-color: var(--body-alt-color);\n--palette-3: #f1c50e;\n--palette-3-r: 241;\n--palette-3-g: 197;\n--palette-3-b: 14;\n--palette-3-contrast: black;\n--palette-3-darker: #d9b10d;\n--palette-3-contrast-darker: white;\n--palette-3-text-color: var(--body-color);\n--palette-3-light-1: #f5d654;\n--palette-3-light-1-r: 245;\n--palette-3-light-1-g: 214;\n--palette-3-light-1-b: 84;\n--palette-3-light-1-contrast: black;\n--palette-3-light-1-darker: #f3cf35;\n--palette-3-light-1-contrast-darker: black;\n--palette-3-light-1-text-color: var(--body-color);\n--palette-3-light-2: #f9e79b;\n--palette-3-light-2-r: 249;\n--palette-3-light-2-g: 231;\n--palette-3-light-2-b: 155;\n--palette-3-light-2-contrast: black;\n--palette-3-light-2-darker: #f7de75;\n--palette-3-light-2-contrast-darker: black;\n--palette-3-light-2-text-color: var(--body-color);\n--palette-3-light-3: #fef9e6;\n--palette-3-light-3-r: 254;\n--palette-3-light-3-g: 249;\n--palette-3-light-3-b: 230;\n--palette-3-light-3-contrast: black;\n--palette-3-light-3-darker: #fceeb7;\n--palette-3-light-3-contrast-darker: black;\n--palette-3-light-3-text-color: var(--body-color);\n--palette-4-base: #2cccc4;\n--palette-4-base-r: 44;\n--palette-4-base-g: 204;\n--palette-4-base-b: 196;\n--palette-4-base-contrast: white;\n--palette-4-base-darker: #28b8b0;\n--palette-4-base-contrast-darker: white;\n--palette-4-base-text-color: var(--body-alt-color);\n--palette-4-dark-3: #293332;\n--palette-4-dark-3-r: 41;\n--palette-4-dark-3-g: 51;\n--palette-4-dark-3-b: 50;\n--palette-4-dark-3-contrast: white;\n--palette-4-dark-3-darker: #252e2d;\n--palette-4-dark-3-contrast-darker: white;\n--palette-4-dark-3-text-color: var(--body-alt-color);\n--palette-4-dark-2: #41807c;\n--palette-4-dark-2-r: 65;\n--palette-4-dark-2-g: 128;\n--palette-4-dark-2-b: 124;\n--palette-4-dark-2-contrast: white;\n--palette-4-dark-2-darker: #3a7370;\n--palette-4-dark-2-contrast-darker: white;\n--palette-4-dark-2-text-color: var(--body-alt-color);\n--palette-4-dark-1: #2cccc4;\n--palette-4-dark-1-r: 44;\n--palette-4-dark-1-g: 204;\n--palette-4-dark-1-b: 196;\n--palette-4-dark-1-contrast: white;\n--palette-4-dark-1-darker: #28b8b0;\n--palette-4-dark-1-contrast-darker: white;\n--palette-4-dark-1-text-color: var(--body-alt-color);\n--palette-4: #3be8e0;\n--palette-4-r: 59;\n--palette-4-g: 232;\n--palette-4-b: 224;\n--palette-4-contrast: black;\n--palette-4-darker: #21e5dc;\n--palette-4-contrast-darker: black;\n--palette-4-text-color: var(--body-color);\n--palette-4-light-1: #72efe9;\n--palette-4-light-1-r: 114;\n--palette-4-light-1-g: 239;\n--palette-4-light-1-b: 233;\n--palette-4-light-1-contrast: black;\n--palette-4-light-1-darker: #52ebe4;\n--palette-4-light-1-contrast-darker: black;\n--palette-4-light-1-text-color: var(--body-color);\n--palette-4-light-2: #adf6f2;\n--palette-4-light-2-r: 173;\n--palette-4-light-2-g: 246;\n--palette-4-light-2-b: 242;\n--palette-4-light-2-contrast: black;\n--palette-4-light-2-darker: #87f2ec;\n--palette-4-light-2-contrast-darker: black;\n--palette-4-light-2-text-color: var(--body-color);\n--palette-4-light-3: #eafdfc;\n--palette-4-light-3-r: 234;\n--palette-4-light-3-g: 253;\n--palette-4-light-3-b: 252;\n--palette-4-light-3-contrast: black;\n--palette-4-light-3-darker: #bef9f6;\n--palette-4-light-3-contrast-darker: black;\n--palette-4-light-3-text-color: var(--body-color);\n--palette-5-base: #b9c1cc;\n--palette-5-base-r: 185;\n--palette-5-base-g: 193;\n--palette-5-base-b: 204;\n--palette-5-base-contrast: black;\n--palette-5-base-darker: #a2adbc;\n--palette-5-base-contrast-darker: white;\n--palette-5-base-text-color: var(--body-color);\n--palette-5-dark-3: #292d33;\n--palette-5-dark-3-r: 41;\n--palette-5-dark-3-g: 45;\n--palette-5-dark-3-b: 51;\n--palette-5-dark-3-contrast: white;\n--palette-5-dark-3-darker: #25292e;\n--palette-5-dark-3-contrast-darker: white;\n--palette-5-dark-3-text-color: var(--body-alt-color);\n--palette-5-dark-2: #555c66;\n--palette-5-dark-2-r: 85;\n--palette-5-dark-2-g: 92;\n--palette-5-dark-2-b: 102;\n--palette-5-dark-2-contrast: white;\n--palette-5-dark-2-darker: #4d535c;\n--palette-5-dark-2-contrast-darker: white;\n--palette-5-dark-2-text-color: var(--body-alt-color);\n--palette-5-dark-1: #858e99;\n--palette-5-dark-1-r: 133;\n--palette-5-dark-1-g: 142;\n--palette-5-dark-1-b: 153;\n--palette-5-dark-1-contrast: white;\n--palette-5-dark-1-darker: #75808c;\n--palette-5-dark-1-contrast-darker: white;\n--palette-5-dark-1-text-color: var(--body-alt-color);\n--palette-5: #b9c1cc;\n--palette-5-r: 185;\n--palette-5-g: 193;\n--palette-5-b: 204;\n--palette-5-contrast: black;\n--palette-5-darker: #a2adbc;\n--palette-5-contrast-darker: white;\n--palette-5-text-color: var(--body-color);\n--palette-5-light-1: #ccd3db;\n--palette-5-light-1-r: 204;\n--palette-5-light-1-g: 211;\n--palette-5-light-1-b: 219;\n--palette-5-light-1-contrast: black;\n--palette-5-light-1-darker: #b3bec9;\n--palette-5-light-1-contrast-darker: black;\n--palette-5-light-1-text-color: var(--body-color);\n--palette-5-light-2: #e0e5eb;\n--palette-5-light-2-r: 224;\n--palette-5-light-2-g: 229;\n--palette-5-light-2-b: 235;\n--palette-5-light-2-contrast: black;\n--palette-5-light-2-darker: #c4ced9;\n--palette-5-light-2-contrast-darker: black;\n--palette-5-light-2-text-color: var(--body-color);\n--palette-5-light-3: #f5f7fa;\n--palette-5-light-3-r: 245;\n--palette-5-light-3-g: 247;\n--palette-5-light-3-b: 250;\n--palette-5-light-3-contrast: black;\n--palette-5-light-3-darker: #d4dde9;\n--palette-5-light-3-contrast-darker: black;\n--palette-5-light-3-text-color: var(--body-color);\n--grey-40: #999999;\n--grey-40-r: 153;\n--grey-40-g: 153;\n--grey-40-b: 153;\n--grey-40-contrast: white;\n--grey-40-darker: #8a8a8a;\n--grey-40-contrast-darker: white;\n--grey-40-text-color: var(--body-alt-color);\n--grey-30: #b3b3b3;\n--grey-30-r: 179;\n--grey-30-g: 179;\n--grey-30-b: 179;\n--grey-30-contrast: white;\n--grey-30-darker: #a1a1a1;\n--grey-30-contrast-darker: white;\n--grey-30-text-color: var(--body-alt-color);\n--grey-25: #c0c0c0;\n--grey-25-r: 192;\n--grey-25-g: 192;\n--grey-25-b: 192;\n--grey-25-contrast: black;\n--grey-25-darker: #adadad;\n--grey-25-contrast-darker: white;\n--grey-25-text-color: var(--body-color);\n--white: #ffffff;\n--white-r: 255;\n--white-g: 255;\n--white-b: 255;\n--white-contrast: black;\n--white-darker: #e6e6e6;\n--white-contrast-darker: black;\n--white-text-color: var(--body-color);\n--grey-15: #d9d9d9;\n--grey-15-r: 217;\n--grey-15-g: 217;\n--grey-15-b: 217;\n--grey-15-contrast: black;\n--grey-15-darker: #c3c3c3;\n--grey-15-contrast-darker: black;\n--grey-15-text-color: var(--body-color);\n--grey-10: #e5e5e5;\n--grey-10-r: 229;\n--grey-10-g: 229;\n--grey-10-b: 229;\n--grey-10-contrast: black;\n--grey-10-darker: #cecece;\n--grey-10-contrast-darker: black;\n--grey-10-text-color: var(--body-color);\n--grey-5: #f2f2f2;\n--grey-5-r: 242;\n--grey-5-g: 242;\n--grey-5-b: 242;\n--grey-5-contrast: black;\n--grey-5-darker: #dadada;\n--grey-5-contrast-darker: black;\n--grey-5-text-color: var(--body-color);\n--grey-90: #1a1a1a;\n--grey-90-r: 26;\n--grey-90-g: 26;\n--grey-90-b: 26;\n--grey-90-contrast: white;\n--grey-90-darker: #171717;\n--grey-90-contrast-darker: white;\n--grey-90-text-color: var(--body-alt-color);\n--grey-80: #333333;\n--grey-80-r: 51;\n--grey-80-g: 51;\n--grey-80-b: 51;\n--grey-80-contrast: white;\n--grey-80-darker: #2e2e2e;\n--grey-80-contrast-darker: white;\n--grey-80-text-color: var(--body-alt-color);\n--grey-75: #404040;\n--grey-75-r: 64;\n--grey-75-g: 64;\n--grey-75-b: 64;\n--grey-75-contrast: white;\n--grey-75-darker: #3a3a3a;\n--grey-75-contrast-darker: white;\n--grey-75-text-color: var(--body-alt-color);\n--black: #000000;\n--black-r: 0;\n--black-g: 0;\n--black-b: 0;\n--black-contrast: white;\n--black-darker: #000000;\n--black-contrast-darker: white;\n--black-text-color: var(--body-alt-color);\n--grey-70: #4d4d4d;\n--grey-70-r: 77;\n--grey-70-g: 77;\n--grey-70-b: 77;\n--grey-70-contrast: white;\n--grey-70-darker: #454545;\n--grey-70-contrast-darker: white;\n--grey-70-text-color: var(--body-alt-color);\n--grey-60: #666666;\n--grey-60-r: 102;\n--grey-60-g: 102;\n--grey-60-b: 102;\n--grey-60-contrast: white;\n--grey-60-darker: #5c5c5c;\n--grey-60-contrast-darker: white;\n--grey-60-text-color: var(--body-alt-color);\n--grey-50: #808080;\n--grey-50-r: 128;\n--grey-50-g: 128;\n--grey-50-b: 128;\n--grey-50-contrast: white;\n--grey-50-darker: #737373;\n--grey-50-contrast-darker: white;\n--grey-50-text-color: var(--body-alt-color);\n--grey-dark-3: #212121;\n--grey-dark-3-r: 33;\n--grey-dark-3-g: 33;\n--grey-dark-3-b: 33;\n--grey-dark-3-contrast: white;\n--grey-dark-3-darker: #1e1e1e;\n--grey-dark-3-contrast-darker: white;\n--grey-dark-3-text-color: var(--body-alt-color);\n--grey-dark-2: #333333;\n--grey-dark-2-r: 51;\n--grey-dark-2-g: 51;\n--grey-dark-2-b: 51;\n--grey-dark-2-contrast: white;\n--grey-dark-2-darker: #2e2e2e;\n--grey-dark-2-contrast-darker: white;\n--grey-dark-2-text-color: var(--body-alt-color);\n--grey-dark-1: #454545;\n--grey-dark-1-r: 69;\n--grey-dark-1-g: 69;\n--grey-dark-1-b: 69;\n--grey-dark-1-contrast: white;\n--grey-dark-1-darker: #3e3e3e;\n--grey-dark-1-contrast-darker: white;\n--grey-dark-1-text-color: var(--body-alt-color);\n--grey: #b3b3b3;\n--grey-r: 179;\n--grey-g: 179;\n--grey-b: 179;\n--grey-contrast: white;\n--grey-darker: #a1a1a1;\n--grey-contrast-darker: white;\n--grey-text-color: var(--body-alt-color);\n--grey-light-1: #d9d9d9;\n--grey-light-1-r: 217;\n--grey-light-1-g: 217;\n--grey-light-1-b: 217;\n--grey-light-1-contrast: black;\n--grey-light-1-darker: #c3c3c3;\n--grey-light-1-contrast-darker: black;\n--grey-light-1-text-color: var(--body-color);\n--grey-light-2: #eeeeee;\n--grey-light-2-r: 238;\n--grey-light-2-g: 238;\n--grey-light-2-b: 238;\n--grey-light-2-contrast: black;\n--grey-light-2-darker: #d6d6d6;\n--grey-light-2-contrast-darker: black;\n--grey-light-2-text-color: var(--body-color);\n--grey-light-3: #f6f6f6;\n--grey-light-3-r: 246;\n--grey-light-3-g: 246;\n--grey-light-3-b: 246;\n--grey-light-3-contrast: black;\n--grey-light-3-darker: #dddddd;\n--grey-light-3-contrast-darker: black;\n--grey-light-3-text-color: var(--body-color);\n--color-1-base: #b9c1cc;\n--color-1-base-r: 185;\n--color-1-base-g: 193;\n--color-1-base-b: 204;\n--color-1-base-contrast: black;\n--color-1-base-darker: #a2adbc;\n--color-1-base-contrast-darker: white;\n--color-1-base-text-color: var(--body-color);\n--color-1-dark-3: #292d33;\n--color-1-dark-3-r: 41;\n--color-1-dark-3-g: 45;\n--color-1-dark-3-b: 51;\n--color-1-dark-3-contrast: white;\n--color-1-dark-3-darker: #25292e;\n--color-1-dark-3-contrast-darker: white;\n--color-1-dark-3-text-color: var(--body-alt-color);\n--color-1-dark-2: #555c66;\n--color-1-dark-2-r: 85;\n--color-1-dark-2-g: 92;\n--color-1-dark-2-b: 102;\n--color-1-dark-2-contrast: white;\n--color-1-dark-2-darker: #4d535c;\n--color-1-dark-2-contrast-darker: white;\n--color-1-dark-2-text-color: var(--body-alt-color);\n--color-1-dark-1: #858e99;\n--color-1-dark-1-r: 133;\n--color-1-dark-1-g: 142;\n--color-1-dark-1-b: 153;\n--color-1-dark-1-contrast: white;\n--color-1-dark-1-darker: #75808c;\n--color-1-dark-1-contrast-darker: white;\n--color-1-dark-1-text-color: var(--body-alt-color);\n--color-1: #b9c1cc;\n--color-1-r: 185;\n--color-1-g: 193;\n--color-1-b: 204;\n--color-1-contrast: black;\n--color-1-darker: #a2adbc;\n--color-1-contrast-darker: white;\n--color-1-text-color: var(--body-color);\n--color-1-light-1: #ccd3db;\n--color-1-light-1-r: 204;\n--color-1-light-1-g: 211;\n--color-1-light-1-b: 219;\n--color-1-light-1-contrast: black;\n--color-1-light-1-darker: #b3bec9;\n--color-1-light-1-contrast-darker: black;\n--color-1-light-1-text-color: var(--body-color);\n--color-1-light-2: #e0e5eb;\n--color-1-light-2-r: 224;\n--color-1-light-2-g: 229;\n--color-1-light-2-b: 235;\n--color-1-light-2-contrast: black;\n--color-1-light-2-darker: #c4ced9;\n--color-1-light-2-contrast-darker: black;\n--color-1-light-2-text-color: var(--body-color);\n--color-1-light-3: #f5f7fa;\n--color-1-light-3-r: 245;\n--color-1-light-3-g: 247;\n--color-1-light-3-b: 250;\n--color-1-light-3-contrast: black;\n--color-1-light-3-darker: #d4dde9;\n--color-1-light-3-contrast-darker: black;\n--color-1-light-3-text-color: var(--body-color);\n--color-2-base: #478ac9;\n--color-2-base-r: 71;\n--color-2-base-g: 138;\n--color-2-base-b: 201;\n--color-2-base-contrast: white;\n--color-2-base-darker: #387cbd;\n--color-2-base-contrast-darker: white;\n--color-2-base-text-color: var(--body-alt-color);\n--color-2-dark-3: #292e33;\n--color-2-dark-3-r: 41;\n--color-2-dark-3-g: 46;\n--color-2-dark-3-b: 51;\n--color-2-dark-3-contrast: white;\n--color-2-dark-3-darker: #25292e;\n--color-2-dark-3-contrast-darker: white;\n--color-2-dark-3-text-color: var(--body-alt-color);\n--color-2-dark-2: #425465;\n--color-2-dark-2-r: 66;\n--color-2-dark-2-g: 84;\n--color-2-dark-2-b: 101;\n--color-2-dark-2-contrast: white;\n--color-2-dark-2-darker: #3b4c5b;\n--color-2-dark-2-contrast-darker: white;\n--color-2-dark-2-text-color: var(--body-alt-color);\n--color-2-dark-1: #4c7397;\n--color-2-dark-1-r: 76;\n--color-2-dark-1-g: 115;\n--color-2-dark-1-b: 151;\n--color-2-dark-1-contrast: white;\n--color-2-dark-1-darker: #446888;\n--color-2-dark-1-contrast-darker: white;\n--color-2-dark-1-text-color: var(--body-alt-color);\n--color-2: #478ac9;\n--color-2-r: 71;\n--color-2-g: 138;\n--color-2-b: 201;\n--color-2-contrast: white;\n--color-2-darker: #387cbd;\n--color-2-contrast-darker: white;\n--color-2-text-color: var(--body-alt-color);\n--color-2-light-1: #77aad9;\n--color-2-light-1-r: 119;\n--color-2-light-1-g: 170;\n--color-2-light-1-b: 217;\n--color-2-light-1-contrast: white;\n--color-2-light-1-darker: #5d9ad2;\n--color-2-light-1-contrast-darker: white;\n--color-2-light-1-text-color: var(--body-alt-color);\n--color-2-light-2: #adcce9;\n--color-2-light-2-r: 173;\n--color-2-light-2-g: 204;\n--color-2-light-2-b: 233;\n--color-2-light-2-contrast: black;\n--color-2-light-2-darker: #8db8e0;\n--color-2-light-2-contrast-darker: white;\n--color-2-light-2-text-color: var(--body-color);\n--color-2-light-3: #e9f2fa;\n--color-2-light-3-r: 233;\n--color-2-light-3-g: 242;\n--color-2-light-3-b: 250;\n--color-2-light-3-contrast: black;\n--color-2-light-3-darker: #c2dbf1;\n--color-2-light-3-contrast-darker: black;\n--color-2-light-3-text-color: var(--body-color);\n--color-3-base: #db545a;\n--color-3-base-r: 219;\n--color-3-base-g: 84;\n--color-3-base-b: 90;\n--color-3-base-contrast: white;\n--color-3-base-darker: #d63b42;\n--color-3-base-contrast-darker: white;\n--color-3-base-text-color: var(--body-alt-color);\n--color-3-dark-3: #332929;\n--color-3-dark-3-r: 51;\n--color-3-dark-3-g: 41;\n--color-3-dark-3-b: 41;\n--color-3-dark-3-contrast: white;\n--color-3-dark-3-darker: #2e2525;\n--color-3-dark-3-contrast-darker: white;\n--color-3-dark-3-text-color: var(--body-alt-color);\n--color-3-dark-2: #6b4748;\n--color-3-dark-2-r: 107;\n--color-3-dark-2-g: 71;\n--color-3-dark-2-b: 72;\n--color-3-dark-2-contrast: white;\n--color-3-dark-2-darker: #604041;\n--color-3-dark-2-contrast-darker: white;\n--color-3-dark-2-text-color: var(--body-alt-color);\n--color-3-dark-1: #a35559;\n--color-3-dark-1-r: 163;\n--color-3-dark-1-g: 85;\n--color-3-dark-1-b: 89;\n--color-3-dark-1-contrast: white;\n--color-3-dark-1-darker: #934c50;\n--color-3-dark-1-contrast-darker: white;\n--color-3-dark-1-text-color: var(--body-alt-color);\n--color-3: #db545a;\n--color-3-r: 219;\n--color-3-g: 84;\n--color-3-b: 90;\n--color-3-contrast: white;\n--color-3-darker: #d63b42;\n--color-3-contrast-darker: white;\n--color-3-text-color: var(--body-alt-color);\n--color-3-light-1: #e68387;\n--color-3-light-1-r: 230;\n--color-3-light-1-g: 131;\n--color-3-light-1-b: 135;\n--color-3-light-1-contrast: white;\n--color-3-light-1-darker: #e0656a;\n--color-3-light-1-contrast-darker: white;\n--color-3-light-1-text-color: var(--body-alt-color);\n--color-3-light-2: #f1b5b8;\n--color-3-light-2-r: 241;\n--color-3-light-2-g: 181;\n--color-3-light-2-b: 184;\n--color-3-light-2-contrast: black;\n--color-3-light-2-darker: #ea9296;\n--color-3-light-2-contrast-darker: white;\n--color-3-light-2-text-color: var(--body-color);\n--color-3-light-3: #fbeced;\n--color-3-light-3-r: 251;\n--color-3-light-3-g: 236;\n--color-3-light-3-b: 237;\n--color-3-light-3-contrast: black;\n--color-3-light-3-darker: #f3c4c7;\n--color-3-light-3-contrast-darker: black;\n--color-3-light-3-text-color: var(--body-color);\n--color-4-base: #f1c50e;\n--color-4-base-r: 241;\n--color-4-base-g: 197;\n--color-4-base-b: 14;\n--color-4-base-contrast: black;\n--color-4-base-darker: #d9b10d;\n--color-4-base-contrast-darker: white;\n--color-4-base-text-color: var(--body-color);\n--color-4-dark-3: #333129;\n--color-4-dark-3-r: 51;\n--color-4-dark-3-g: 49;\n--color-4-dark-3-b: 41;\n--color-4-dark-3-contrast: white;\n--color-4-dark-3-darker: #2e2c25;\n--color-4-dark-3-contrast-darker: white;\n--color-4-dark-3-text-color: var(--body-alt-color);\n--color-4-dark-2: #72683f;\n--color-4-dark-2-r: 114;\n--color-4-dark-2-g: 104;\n--color-4-dark-2-b: 63;\n--color-4-dark-2-contrast: white;\n--color-4-dark-2-darker: #675e39;\n--color-4-dark-2-contrast-darker: white;\n--color-4-dark-2-text-color: var(--body-alt-color);\n--color-4-dark-1: #b29a36;\n--color-4-dark-1-r: 178;\n--color-4-dark-1-g: 154;\n--color-4-dark-1-b: 54;\n--color-4-dark-1-contrast: white;\n--color-4-dark-1-darker: #a08b31;\n--color-4-dark-1-contrast-darker: white;\n--color-4-dark-1-text-color: var(--body-alt-color);\n--color-4: #f1c50e;\n--color-4-r: 241;\n--color-4-g: 197;\n--color-4-b: 14;\n--color-4-contrast: black;\n--color-4-darker: #d9b10d;\n--color-4-contrast-darker: white;\n--color-4-text-color: var(--body-color);\n--color-4-light-1: #f5d654;\n--color-4-light-1-r: 245;\n--color-4-light-1-g: 214;\n--color-4-light-1-b: 84;\n--color-4-light-1-contrast: black;\n--color-4-light-1-darker: #f3cf35;\n--color-4-light-1-contrast-darker: black;\n--color-4-light-1-text-color: var(--body-color);\n--color-4-light-2: #f9e79b;\n--color-4-light-2-r: 249;\n--color-4-light-2-g: 231;\n--color-4-light-2-b: 155;\n--color-4-light-2-contrast: black;\n--color-4-light-2-darker: #f7de75;\n--color-4-light-2-contrast-darker: black;\n--color-4-light-2-text-color: var(--body-color);\n--color-4-light-3: #fef9e6;\n--color-4-light-3-r: 254;\n--color-4-light-3-g: 249;\n--color-4-light-3-b: 230;\n--color-4-light-3-contrast: black;\n--color-4-light-3-darker: #fceeb7;\n--color-4-light-3-contrast-darker: black;\n--color-4-light-3-text-color: var(--body-color);\n--color-5-base: #2cccc4;\n--color-5-base-r: 44;\n--color-5-base-g: 204;\n--color-5-base-b: 196;\n--color-5-base-contrast: white;\n--color-5-base-darker: #28b8b0;\n--color-5-base-contrast-darker: white;\n--color-5-base-text-color: var(--body-alt-color);\n--color-5-dark-3: #293332;\n--color-5-dark-3-r: 41;\n--color-5-dark-3-g: 51;\n--color-5-dark-3-b: 50;\n--color-5-dark-3-contrast: white;\n--color-5-dark-3-darker: #252e2d;\n--color-5-dark-3-contrast-darker: white;\n--color-5-dark-3-text-color: var(--body-alt-color);\n--color-5-dark-2: #41807c;\n--color-5-dark-2-r: 65;\n--color-5-dark-2-g: 128;\n--color-5-dark-2-b: 124;\n--color-5-dark-2-contrast: white;\n--color-5-dark-2-darker: #3a7370;\n--color-5-dark-2-contrast-darker: white;\n--color-5-dark-2-text-color: var(--body-alt-color);\n--color-5-dark-1: #2cccc4;\n--color-5-dark-1-r: 44;\n--color-5-dark-1-g: 204;\n--color-5-dark-1-b: 196;\n--color-5-dark-1-contrast: white;\n--color-5-dark-1-darker: #28b8b0;\n--color-5-dark-1-contrast-darker: white;\n--color-5-dark-1-text-color: var(--body-alt-color);\n--color-5: #3be8e0;\n--color-5-r: 59;\n--color-5-g: 232;\n--color-5-b: 224;\n--color-5-contrast: black;\n--color-5-darker: #21e5dc;\n--color-5-contrast-darker: black;\n--color-5-text-color: var(--body-color);\n--color-5-light-1: #72efe9;\n--color-5-light-1-r: 114;\n--color-5-light-1-g: 239;\n--color-5-light-1-b: 233;\n--color-5-light-1-contrast: black;\n--color-5-light-1-darker: #52ebe4;\n--color-5-light-1-contrast-darker: black;\n--color-5-light-1-text-color: var(--body-color);\n--color-5-light-2: #adf6f2;\n--color-5-light-2-r: 173;\n--color-5-light-2-g: 246;\n--color-5-light-2-b: 242;\n--color-5-light-2-contrast: black;\n--color-5-light-2-darker: #87f2ec;\n--color-5-light-2-contrast-darker: black;\n--color-5-light-2-text-color: var(--body-color);\n--color-5-light-3: #eafdfc;\n--color-5-light-3-r: 234;\n--color-5-light-3-g: 253;\n--color-5-light-3-b: 252;\n--color-5-light-3-contrast: black;\n--color-5-light-3-darker: #bef9f6;\n--color-5-light-3-contrast-darker: black;\n--color-5-light-3-text-color: var(--body-color);\n--white-contrast: var(--body-color);\n--shading-contrast: var(--body-alt-color);\n--bg-contrast: var(--body-color);\n}.u-custom-color-1,\n        .u-body.u-custom-color-1,\n        .u-container-style.u-custom-color-1:before,\n        .u-table-alt-custom-color-1 tr:nth-child(even)\n        {\n            color: var(--custom-color-1-text-color);\n            background-color: var(--custom-color-1);\n        }\n\n        .u-button-style.u-custom-color-1,\n        .u-button-style.u-custom-color-1[class*=\"u-border-\"]\n        {\n            color: var(--custom-color-1-text-color) !important;\n            background-color: var(--custom-color-1) !important;\n        }\n\n        .u-button-style.u-custom-color-1:hover,\n        .u-button-style.u-custom-color-1[class*=\"u-border-\"]:hover,\n        .u-button-style.u-custom-color-1:focus,\n        .u-button-style.u-custom-color-1[class*=\"u-border-\"]:focus,\n        .u-button-style.u-button-style.u-custom-color-1:active,\n        .u-button-style.u-button-style.u-custom-color-1[class*=\"u-border-\"]:active,\n        .u-button-style.u-button-style.u-custom-color-1.active,\n        .u-button-style.u-button-style.u-custom-color-1[class*=\"u-border-\"].active\n        {\n            color: var(--custom-color-1-text-color) !important;\n            background-color: var(--custom-color-1-darker) !important;\n        }\n\n        a.u-button-style.u-hover-custom-color-1:hover,\n        a.u-button-style.u-hover-custom-color-1[class*=\"u-border-\"]:hover,\n        a.u-button-style.u-hover-custom-color-1:focus,\n        a.u-button-style.u-hover-custom-color-1[class*=\"u-border-\"]:focus,\n        a.u-button-style.u-button-style.u-active-custom-color-1:active,\n        a.u-button-style.u-button-style.u-active-custom-color-1[class*=\"u-border-\"]:active,\n        a.u-button-style.u-button-style.u-active-custom-color-1.active,\n        a.u-button-style.u-button-style.u-active-custom-color-1[class*=\"u-border-\"].active\n        {\n            color: var(--custom-color-1-text-color) !important;\n            background-color: var(--custom-color-1) !important;\n        }\n\n        a.u-link.u-hover-custom-color-1:hover {\n            color: var(--custom-color-1) !important;\n        }\n\n        \n        \n        .u-custom-color-2,\n        .u-body.u-custom-color-2,\n        .u-container-style.u-custom-color-2:before,\n        .u-table-alt-custom-color-2 tr:nth-child(even)\n        {\n            color: var(--custom-color-2-text-color);\n            background-color: var(--custom-color-2);\n        }\n\n        .u-button-style.u-custom-color-2,\n        .u-button-style.u-custom-color-2[class*=\"u-border-\"]\n        {\n            color: var(--custom-color-2-text-color) !important;\n            background-color: var(--custom-color-2) !important;\n        }\n\n        .u-button-style.u-custom-color-2:hover,\n        .u-button-style.u-custom-color-2[class*=\"u-border-\"]:hover,\n        .u-button-style.u-custom-color-2:focus,\n        .u-button-style.u-custom-color-2[class*=\"u-border-\"]:focus,\n        .u-button-style.u-button-style.u-custom-color-2:active,\n        .u-button-style.u-button-style.u-custom-color-2[class*=\"u-border-\"]:active,\n        .u-button-style.u-button-style.u-custom-color-2.active,\n        .u-button-style.u-button-style.u-custom-color-2[class*=\"u-border-\"].active\n        {\n            color: var(--custom-color-2-text-color) !important;\n            background-color: var(--custom-color-2-darker) !important;\n        }\n\n        a.u-button-style.u-hover-custom-color-2:hover,\n        a.u-button-style.u-hover-custom-color-2[class*=\"u-border-\"]:hover,\n        a.u-button-style.u-hover-custom-color-2:focus,\n        a.u-button-style.u-hover-custom-color-2[class*=\"u-border-\"]:focus,\n        a.u-button-style.u-button-style.u-active-custom-color-2:active,\n        a.u-button-style.u-button-style.u-active-custom-color-2[class*=\"u-border-\"]:active,\n        a.u-button-style.u-button-style.u-active-custom-color-2.active,\n        a.u-button-style.u-button-style.u-active-custom-color-2[class*=\"u-border-\"].active\n        {\n            color: var(--custom-color-2-text-color) !important;\n            background-color: var(--custom-color-2) !important;\n        }\n\n        a.u-link.u-hover-custom-color-2:hover {\n            color: var(--custom-color-2) !important;\n        }\n\n        \n\n        \n        .u-border-custom-color-1,\n        .u-separator-custom-color-1:after\n        {\n            border-color: var(--custom-color-1);\n        }\n\n        .u-button-style.u-border-custom-color-1\n        {\n            border-color: var(--custom-color-1) !important;\n            color: var(--custom-color-1) !important;\n            background-color: transparent !important;\n        }\n\n        .u-button-style.u-border-custom-color-1:hover,\n        .u-button-style.u-border-custom-color-1:focus\n        {\n            border-color: var(--custom-color-1-darker) !important;\n            color: var(--custom-color-1-darker) !important;\n            background-color: transparent !important;\n        }\n\n        a.u-button-style.u-border-hover-custom-color-1:hover,\n        a.u-button-style.u-border-hover-custom-color-1:focus,\n        a.u-button-style.u-button-style.u-border-active-custom-color-1:active,\n        a.u-button-style.u-button-style.u-border-active-custom-color-1.active\n        {\n            color: var(--custom-color-1) !important;\n            border-color: var(--custom-color-1) !important;\n        }\n\n        .u-link.u-border-custom-color-1[class*=\"u-border-\"]\n        {\n            border-color: var(--custom-color-1) !important;\n        }\n\n        .u-link.u-border-custom-color-1[class*=\"u-border-\"]:hover\n        {\n            border-color: var(--custom-color-1-darker) !important;\n        }\n        \n        \n        .u-border-custom-color-2,\n        .u-separator-custom-color-2:after\n        {\n            border-color: var(--custom-color-2);\n        }\n\n        .u-button-style.u-border-custom-color-2\n        {\n            border-color: var(--custom-color-2) !important;\n            color: var(--custom-color-2) !important;\n            background-color: transparent !important;\n        }\n\n        .u-button-style.u-border-custom-color-2:hover,\n        .u-button-style.u-border-custom-color-2:focus\n        {\n            border-color: var(--custom-color-2-darker) !important;\n            color: var(--custom-color-2-darker) !important;\n            background-color: transparent !important;\n        }\n\n        a.u-button-style.u-border-hover-custom-color-2:hover,\n        a.u-button-style.u-border-hover-custom-color-2:focus,\n        a.u-button-style.u-button-style.u-border-active-custom-color-2:active,\n        a.u-button-style.u-button-style.u-border-active-custom-color-2.active\n        {\n            color: var(--custom-color-2) !important;\n            border-color: var(--custom-color-2) !important;\n        }\n\n        .u-link.u-border-custom-color-2[class*=\"u-border-\"]\n        {\n            border-color: var(--custom-color-2) !important;\n        }\n\n        .u-link.u-border-custom-color-2[class*=\"u-border-\"]:hover\n        {\n            border-color: var(--custom-color-2-darker) !important;\n        }\n        \n\n        \n        .u-text-custom-color-1,\n        a.u-button-style.u-text-custom-color-1,\n        a.u-button-style.u-text-custom-color-1[class*=\"u-border-\"]\n        {\n            color: var(--custom-color-1) !important;\n        }\n\n        a.u-button-style.u-text-custom-color-1:hover,\n        a.u-button-style.u-text-custom-color-1[class*=\"u-border-\"]:hover,\n        a.u-button-style.u-text-custom-color-1:focus,\n        a.u-button-style.u-text-custom-color-1[class*=\"u-border-\"]:focus,\n        a.u-button-style.u-button-style.u-text-custom-color-1:active,\n        a.u-button-style.u-button-style.u-text-custom-color-1[class*=\"u-border-\"]:active,\n        a.u-button-style.u-button-style.u-text-custom-color-1.active,\n        a.u-button-style.u-button-style.u-text-custom-color-1[class*=\"u-border-\"].active\n        {\n            color: var(--custom-color-1-darker) !important;\n        }\n\n        a.u-button-style.u-button-style.u-text-hover-custom-color-1:hover,\n        a.u-button-style.u-button-style.u-text-hover-custom-color-1[class*=\"u-border-\"]:hover,\n        a.u-button-style.u-button-style.u-text-hover-custom-color-1:focus,\n        a.u-button-style.u-button-style.u-text-hover-custom-color-1[class*=\"u-border-\"]:focus,\n        a.u-button-style.u-button-style.u-button-style.u-text-active-custom-color-1:active,\n        a.u-button-style.u-button-style.u-button-style.u-text-active-custom-color-1[class*=\"u-border-\"]:active,\n        a.u-button-style.u-button-style.u-button-style.u-text-active-custom-color-1.active,\n        a.u-button-style.u-button-style.u-button-style.u-text-active-custom-color-1[class*=\"u-border-\"].active,\n        :not(.level-2) > .u-nav > .u-nav-item > a.u-nav-link.u-text-hover-custom-color-1:hover,\n        :not(.level-2) > .u-nav > .u-nav-item > a.u-nav-link.u-nav-link.u-text-active-custom-color-1.active,\n        .u-popupmenu-items.u-text-hover-custom-color-1 .u-nav-link:hover,\n        .u-popupmenu-items.u-popupmenu-items.u-text-hover-custom-color-1 .u-nav-link.active\n        {\n            color: var(--custom-color-1) !important;\n        }\n\n        .u-text-custom-color-1 svg\n        {\n            fill: var(--custom-color-1);\n        }\n\n        .u-link.u-text-custom-color-1:hover\n        {\n            color: var(--custom-color-1-darker) !important;\n        }\n\n        a.u-link.u-text-hover-custom-color-1:hover\n        {\n            color: var(--custom-color-1) !important;\n        }\n        \n        \n        .u-text-custom-color-2,\n        a.u-button-style.u-text-custom-color-2,\n        a.u-button-style.u-text-custom-color-2[class*=\"u-border-\"]\n        {\n            color: var(--custom-color-2) !important;\n        }\n\n        a.u-button-style.u-text-custom-color-2:hover,\n        a.u-button-style.u-text-custom-color-2[class*=\"u-border-\"]:hover,\n        a.u-button-style.u-text-custom-color-2:focus,\n        a.u-button-style.u-text-custom-color-2[class*=\"u-border-\"]:focus,\n        a.u-button-style.u-button-style.u-text-custom-color-2:active,\n        a.u-button-style.u-button-style.u-text-custom-color-2[class*=\"u-border-\"]:active,\n        a.u-button-style.u-button-style.u-text-custom-color-2.active,\n        a.u-button-style.u-button-style.u-text-custom-color-2[class*=\"u-border-\"].active\n        {\n            color: var(--custom-color-2-darker) !important;\n        }\n\n        a.u-button-style.u-button-style.u-text-hover-custom-color-2:hover,\n        a.u-button-style.u-button-style.u-text-hover-custom-color-2[class*=\"u-border-\"]:hover,\n        a.u-button-style.u-button-style.u-text-hover-custom-color-2:focus,\n        a.u-button-style.u-button-style.u-text-hover-custom-color-2[class*=\"u-border-\"]:focus,\n        a.u-button-style.u-button-style.u-button-style.u-text-active-custom-color-2:active,\n        a.u-button-style.u-button-style.u-button-style.u-text-active-custom-color-2[class*=\"u-border-\"]:active,\n        a.u-button-style.u-button-style.u-button-style.u-text-active-custom-color-2.active,\n        a.u-button-style.u-button-style.u-button-style.u-text-active-custom-color-2[class*=\"u-border-\"].active,\n        :not(.level-2) > .u-nav > .u-nav-item > a.u-nav-link.u-text-hover-custom-color-2:hover,\n        :not(.level-2) > .u-nav > .u-nav-item > a.u-nav-link.u-nav-link.u-text-active-custom-color-2.active,\n        .u-popupmenu-items.u-text-hover-custom-color-2 .u-nav-link:hover,\n        .u-popupmenu-items.u-popupmenu-items.u-text-hover-custom-color-2 .u-nav-link.active\n        {\n            color: var(--custom-color-2) !important;\n        }\n\n        .u-text-custom-color-2 svg\n        {\n            fill: var(--custom-color-2);\n        }\n\n        .u-link.u-text-custom-color-2:hover\n        {\n            color: var(--custom-color-2-darker) !important;\n        }\n\n        a.u-link.u-text-hover-custom-color-2:hover\n        {\n            color: var(--custom-color-2) !important;\n        }</style><style id=\"typography\" typography=\"custom-page-typography-2\">\n    .u-body\n    {\n        --title-font-weight: 400;\n        --title-font-size: 4.5rem;\n        --title-line-height: 1.1;\n        --title-margin-top: 20px;\n        --title-margin-bottom: 20px;\n        --subtitle-font-weight: 400;\n        --subtitle-font-size: 2.25rem;\n        --subtitle-line-height: 1.1;\n        --subtitle-margin-top: 20px;\n        --subtitle-margin-bottom: 20px;\n        --h1-font-weight: 400;\n        --h1-font-size: 3rem;\n        --h1-line-height: 1.1;\n        --h1-margin-top: 20px;\n        --h1-margin-bottom: 20px;\n        --h2-font-weight: 400;\n        --h2-font-size: 2.25rem;\n        --h2-line-height: 1.1;\n        --h2-margin-top: 20px;\n        --h2-margin-bottom: 20px;\n        --h3-font-weight: 400;\n        --h3-font-size: 1.875rem;\n        --h3-line-height: 1.2;\n        --h3-margin-top: 20px;\n        --h3-margin-bottom: 20px;\n        --h4-font-weight: 400;\n        --h4-font-size: 1.5rem;\n        --h4-line-height: 1.2;\n        --h4-margin-top: 20px;\n        --h4-margin-bottom: 20px;\n        --h5-font-weight: 400;\n        --h5-font-size: 1.25rem;\n        --h5-line-height: 1.2;\n        --h5-margin-top: 20px;\n        --h5-margin-bottom: 20px;\n        --h6-font-weight: 400;\n        --h6-font-size: 1.125rem;\n        --h6-line-height: 1.2;\n        --h6-margin-top: 20px;\n        --h6-margin-bottom: 20px;\n        --largeText-font-size: 1.25rem;\n        --largeText-margin-top: 20px;\n        --largeText-margin-bottom: 20px;\n        --smallText-font-size: 0.875rem;\n        --smallText-margin-top: 20px;\n        --smallText-margin-bottom: 20px;\n        --text-margin-top: 20px;\n        --text-margin-bottom: 20px;\n        --text-font-size: 1.5rem;\n        --hyperlink-color: var(--palette-1-base);\n        --hyperlink-font-size: 1.5rem;\n        --hyperlink-alt-text-color: var(--palette-1-light-2);\n        --hyperlink-hover-color: var(--palette-1-base-darker);\n        --hyperlink-hover-alt-text-color: var(--grey-30-darker);\n        --button-margin-top: 20px;\n        --button-margin-bottom: 20px;\n        --button-font-size: 1.5rem;\n        --button-background-color: var(--palette-1-base);\n        --button-color: var(--white);\n        --button-alt-background-color: var(--palette-1-light-2);\n        --button-alt-color: var(--black);\n        --button-hover-background-color: var(--palette-1-base-darker);\n        --button-hover-color: var(--white-darker);\n        --button-hover-alt-background-color: var(--palette-1-light-2-darker);\n        --button-hover-alt-color: var(--white);\n        --button-hover-background-color: var(--palette-1-base-darker);\n        --button-hover-color: var(--white-darker);\n        --button-hover-alt-background-color: var(--palette-1-light-2-darker);\n        --button-hover-alt-color: var(--white);\n        --button-active-background-color: var(--palette-1-base-darker);\n        --button-active-color: var(--white-darker);\n        --button-active-alt-background-color: var(--palette-1-light-2-darker);\n        --button-active-alt-color: var(--white);\n        --blockquote-font-style: italic;\n        --blockquote-padding-left: 20px;\n        --blockquote-border-width: 4px;\n        --blockquote-border-color: var(--palette-1-base);\n        --blockquote-margin-top: 20px;\n        --blockquote-margin-bottom: 20px;\n        --metadata-margin-top: 20px;\n        --metadata-margin-bottom: 20px;\n        --list-margin-top: 20px;\n        --list-margin-bottom: 20px;\n        --list-font-size: 1.5rem;\n        --orderedlist-margin-top: 20px;\n        --orderedlist-margin-bottom: 20px;\n        --orderedlist-font-size: 1.5rem;\n        --postContent-margin-top: 20px;\n        --postContent-margin-bottom: 20px;\n        --theme-background-attachment: fixed;\n        --title-font-size-sm: 3.75rem;\n        --title-font-size-xs: 3rem;\n        --subtitle-font-size-xs: 1.5rem;\n        --h1-font-size-xs: 2.25rem;\n        --h2-font-size-xs: 1.5rem;\n        --h3-font-size-xs: 1.5rem;\n    }\n\n    /** common-rules **/\n    h1.u-title\n    {\n        font-weight: var(--title-font-weight);\n        font-size: var(--title-font-size);\n        line-height: var(--title-line-height);\n        margin-top: var(--title-margin-top);\n        margin-bottom: var(--title-margin-bottom);\n    }\n    h2.u-subtitle\n    {\n        font-weight: var(--subtitle-font-weight);\n        font-size: var(--subtitle-font-size);\n        line-height: var(--subtitle-line-height);\n        margin-top: var(--subtitle-margin-top);\n        margin-bottom: var(--subtitle-margin-bottom);\n    }\n    h1:not(.u-title)\n    {\n        font-weight: var(--h1-font-weight);\n        font-size: var(--h1-font-size);\n        line-height: var(--h1-line-height);\n        margin-top: var(--h1-margin-top);\n        margin-bottom: var(--h1-margin-bottom);\n    }\n    h2:not(.u-subtitle)\n    {\n        font-weight: var(--h2-font-weight);\n        font-size: var(--h2-font-size);\n        line-height: var(--h2-line-height);\n        margin-top: var(--h2-margin-top);\n        margin-bottom: var(--h2-margin-bottom);\n    }\n    h3\n    {\n        font-weight: var(--h3-font-weight);\n        font-size: var(--h3-font-size);\n        line-height: var(--h3-line-height);\n        margin-top: var(--h3-margin-top);\n        margin-bottom: var(--h3-margin-bottom);\n    }\n    h4\n    {\n        font-weight: var(--h4-font-weight);\n        font-size: var(--h4-font-size);\n        line-height: var(--h4-line-height);\n        margin-top: var(--h4-margin-top);\n        margin-bottom: var(--h4-margin-bottom);\n    }\n    h5\n    {\n        font-weight: var(--h5-font-weight);\n        font-size: var(--h5-font-size);\n        line-height: var(--h5-line-height);\n        margin-top: var(--h5-margin-top);\n        margin-bottom: var(--h5-margin-bottom);\n    }\n    h6\n    {\n        font-weight: var(--h6-font-weight);\n        font-size: var(--h6-font-size);\n        line-height: var(--h6-line-height);\n        margin-top: var(--h6-margin-top);\n        margin-bottom: var(--h6-margin-bottom);\n    }\n    p.u-large-text\n    {\n        font-size: var(--largeText-font-size);\n        margin-top: var(--largeText-margin-top);\n        margin-bottom: var(--largeText-margin-bottom);\n    }\n    p.u-small-text\n    {\n        font-size: var(--smallText-font-size);\n        margin-top: var(--smallText-margin-top);\n        margin-bottom: var(--smallText-margin-bottom);\n    }\n    p:not(.u-text-variant)\n    {\n        margin-top: var(--text-margin-top);\n        margin-bottom: var(--text-margin-bottom);\n        font-size: var(--text-font-size);\n    }\n    a\n    {\n        font-size: var(--hyperlink-font-size);\n    }\n    .u-btn\n    {\n        margin-top: var(--button-margin-top);\n        margin-bottom: var(--button-margin-bottom);\n        font-size: var(--button-font-size);\n    }\n    blockquote\n    {\n        font-style: var(--blockquote-font-style);\n        padding-left: var(--blockquote-padding-left);\n        border-width: var(--blockquote-border-width);\n        margin-top: var(--blockquote-margin-top);\n        margin-bottom: var(--blockquote-margin-bottom);\n    }\n    .u-metadata\n    {\n        margin-top: var(--metadata-margin-top);\n        margin-bottom: var(--metadata-margin-bottom);\n    }\n    ul:not(.u-unstyled)\n    {\n        margin-top: var(--list-margin-top);\n        margin-bottom: var(--list-margin-bottom);\n        font-size: var(--list-font-size);\n    }\n    ol\n    {\n        margin-top: var(--orderedlist-margin-top);\n        margin-bottom: var(--orderedlist-margin-bottom);\n        font-size: var(--orderedlist-font-size);\n    }\n    .u-post-content\n    {\n        margin-top: var(--postContent-margin-top);\n        margin-bottom: var(--postContent-margin-bottom);\n    }\n    .u-body\n    {\n        background-attachment: var(--theme-background-attachment);\n    }\n    /** common-rules **/\n\n    /** publish-rules **/\n    /*begin-media rules*/\n    @media (max-width: 767px) {\n        h1.u-title\n        {\n            font-size: var(--title-font-size-sm);\n        }\n    }\n    @media (max-width: 575px) {\n        h1.u-title\n        {\n            font-size: var(--title-font-size-xs);\n        }\n    }\n    @media (max-width: 575px) {\n        h2.u-subtitle\n        {\n            font-size: var(--subtitle-font-size-xs);\n        }\n    }\n    @media (max-width: 575px) {\n        h1:not(.u-title)\n        {\n            font-size: var(--h1-font-size-xs);\n        }\n    }\n    @media (max-width: 575px) {\n        h2:not(.u-subtitle)\n        {\n            font-size: var(--h2-font-size-xs);\n        }\n    }\n    @media (max-width: 575px) {\n        h3\n        {\n            font-size: var(--h3-font-size-xs);\n        }\n    }\n    /*end-media rules*/\n    /** publish-rules **/\n\n    \n\n    /** cms-rules **/\n    /*begin-responsive rules*/\n    .u-sm h1.u-title\n    {\n        font-size: var(--title-font-size-sm);\n    }\n    .u-xs h1.u-title\n    {\n        font-size: var(--title-font-size-xs);\n    }\n    .u-xs h2.u-subtitle\n    {\n        font-size: var(--subtitle-font-size-xs);\n    }\n    .u-xs h1:not(.u-title)\n    {\n        font-size: var(--h1-font-size-xs);\n    }\n    .u-xs h2:not(.u-subtitle)\n    {\n        font-size: var(--h2-font-size-xs);\n    }\n    .u-xs h3\n    {\n        font-size: var(--h3-font-size-xs);\n    }\n    /*end-responsive rules*/\n    /** cms-rules **/\n\n    /** color-rules **/\n    .u-overlap.u-overlap-transparent:not(.u-overlap-contrast) .u-header :not(.u-nav-item) > a,\n    .u-gradient > .u-container-layout > a,\n    .u-image:not(.u-shading) > .u-container-layout > a,\n    a\n    {\n        color: var(--hyperlink-color);\n    }\n    .u-overlap.u-overlap-transparent:not(.u-overlap-contrast) .u-header :not(.u-nav-item) > a:hover,\n    .u-gradient > .u-container-layout > a:hover,\n    .u-image:not(.u-shading) > .u-container-layout > a:hover,\n    a:hover\n    {\n        color: var(--hyperlink-hover-color);\n    }\n    .u-overlap.u-overlap-transparent:not(.u-overlap-contrast) .u-header :not(.u-nav-item) > .u-btn,\n    .u-gradient > .u-container-layout > .u-btn,\n    .u-image:not(.u-shading) > .u-container-layout > .u-btn,\n    .u-btn\n    {\n        background-color: var(--button-background-color);\n        color: var(--button-color);\n    }\n    .u-overlap.u-overlap-transparent:not(.u-overlap-contrast) .u-header :not(.u-nav-item) > .u-btn:hover,\n    .u-gradient > .u-container-layout > .u-btn:hover,\n    .u-image:not(.u-shading) > .u-container-layout > .u-btn:hover,\n    .u-btn:hover\n    {\n        background-color: var(--button-hover-background-color);\n        color: var(--button-hover-color);\n    }\n    .u-overlap.u-overlap-transparent:not(.u-overlap-contrast) .u-header :not(.u-nav-item) > .u-btn:focus,\n    .u-gradient > .u-container-layout > .u-btn:focus,\n    .u-image:not(.u-shading) > .u-container-layout > .u-btn:focus,\n    .u-btn:focus\n    {\n        background-color: var(--button-hover-background-color);\n        color: var(--button-hover-color);\n    }\n    .u-overlap.u-overlap-transparent:not(.u-overlap-contrast) .u-header :not(.u-nav-item) > .u-btn:active,\n    .u-gradient > .u-container-layout > .u-btn:active,\n    .u-image:not(.u-shading) > .u-container-layout > .u-btn:active,\n    .u-btn:active\n    {\n        background-color: var(--button-active-background-color);\n        color: var(--button-active-color);\n    }\n    .u-overlap.u-overlap-transparent:not(.u-overlap-contrast) .u-header :not(.u-nav-item) > blockquote,\n    .u-gradient > .u-container-layout > blockquote,\n    .u-image:not(.u-shading) > .u-container-layout > blockquote,\n    blockquote\n    {\n        border-color: var(--blockquote-border-color);\n    }\n    /** color-rules **/\n\n    /** alt-color-rules **/\n    .u-custom-color-1 a,.u-body-color a,.u-palette-1-base a,.u-palette-1-dark-3 a,.u-palette-1-dark-2 a,.u-palette-1-dark-1 a,.u-palette-1 a,.u-palette-1-light-1 a,.u-palette-2-base a,.u-palette-2-dark-3 a,.u-palette-2-dark-2 a,.u-palette-2-dark-1 a,.u-palette-2 a,.u-palette-2-light-1 a,.u-palette-3-dark-3 a,.u-palette-3-dark-2 a,.u-palette-3-dark-1 a,.u-palette-4-base a,.u-palette-4-dark-3 a,.u-palette-4-dark-2 a,.u-palette-4-dark-1 a,.u-palette-5-dark-3 a,.u-palette-5-dark-2 a,.u-palette-5-dark-1 a,.u-grey-40 a,.u-grey-30 a,.u-grey-90 a,.u-grey-80 a,.u-grey-75 a,.u-black a,.u-grey-70 a,.u-grey-60 a,.u-grey-50 a,.u-grey-dark-3 a,.u-grey-dark-2 a,.u-grey-dark-1 a,.u-grey a,.u-shading a,.u-overlap-contrast .u-header a:not(.u-nav-link):not(.u-btn)\n    {\n        color: var(--hyperlink-alt-text-color);\n    }\n    .u-custom-color-1 a:hover,.u-body-color a:hover,.u-palette-1-base a:hover,.u-palette-1-dark-3 a:hover,.u-palette-1-dark-2 a:hover,.u-palette-1-dark-1 a:hover,.u-palette-1 a:hover,.u-palette-1-light-1 a:hover,.u-palette-2-base a:hover,.u-palette-2-dark-3 a:hover,.u-palette-2-dark-2 a:hover,.u-palette-2-dark-1 a:hover,.u-palette-2 a:hover,.u-palette-2-light-1 a:hover,.u-palette-3-dark-3 a:hover,.u-palette-3-dark-2 a:hover,.u-palette-3-dark-1 a:hover,.u-palette-4-base a:hover,.u-palette-4-dark-3 a:hover,.u-palette-4-dark-2 a:hover,.u-palette-4-dark-1 a:hover,.u-palette-5-dark-3 a:hover,.u-palette-5-dark-2 a:hover,.u-palette-5-dark-1 a:hover,.u-grey-40 a:hover,.u-grey-30 a:hover,.u-grey-90 a:hover,.u-grey-80 a:hover,.u-grey-75 a:hover,.u-black a:hover,.u-grey-70 a:hover,.u-grey-60 a:hover,.u-grey-50 a:hover,.u-grey-dark-3 a:hover,.u-grey-dark-2 a:hover,.u-grey-dark-1 a:hover,.u-grey a:hover\n    {\n        color: var(--hyperlink-hover-alt-text-color);\n    }\n    .u-custom-color-1 .u-btn,.u-body-color .u-btn,.u-palette-1-base .u-btn,.u-palette-1-dark-3 .u-btn,.u-palette-1-dark-2 .u-btn,.u-palette-1-dark-1 .u-btn,.u-palette-1 .u-btn,.u-palette-1-light-1 .u-btn,.u-palette-2-base .u-btn,.u-palette-2-dark-3 .u-btn,.u-palette-2-dark-2 .u-btn,.u-palette-2-dark-1 .u-btn,.u-palette-2 .u-btn,.u-palette-2-light-1 .u-btn,.u-palette-3-dark-3 .u-btn,.u-palette-3-dark-2 .u-btn,.u-palette-3-dark-1 .u-btn,.u-palette-4-base .u-btn,.u-palette-4-dark-3 .u-btn,.u-palette-4-dark-2 .u-btn,.u-palette-4-dark-1 .u-btn,.u-palette-5-dark-3 .u-btn,.u-palette-5-dark-2 .u-btn,.u-palette-5-dark-1 .u-btn,.u-grey-40 .u-btn,.u-grey-30 .u-btn,.u-grey-90 .u-btn,.u-grey-80 .u-btn,.u-grey-75 .u-btn,.u-black .u-btn,.u-grey-70 .u-btn,.u-grey-60 .u-btn,.u-grey-50 .u-btn,.u-grey-dark-3 .u-btn,.u-grey-dark-2 .u-btn,.u-grey-dark-1 .u-btn,.u-grey .u-btn,.u-shading .u-btn,.u-overlap-contrast .u-header .u-btn\n    {\n        background-color: var(--button-alt-background-color);\n        color: var(--button-alt-color);\n    }\n    .u-custom-color-1 .u-btn:hover,.u-body-color .u-btn:hover,.u-palette-1-base .u-btn:hover,.u-palette-1-dark-3 .u-btn:hover,.u-palette-1-dark-2 .u-btn:hover,.u-palette-1-dark-1 .u-btn:hover,.u-palette-1 .u-btn:hover,.u-palette-1-light-1 .u-btn:hover,.u-palette-2-base .u-btn:hover,.u-palette-2-dark-3 .u-btn:hover,.u-palette-2-dark-2 .u-btn:hover,.u-palette-2-dark-1 .u-btn:hover,.u-palette-2 .u-btn:hover,.u-palette-2-light-1 .u-btn:hover,.u-palette-3-dark-3 .u-btn:hover,.u-palette-3-dark-2 .u-btn:hover,.u-palette-3-dark-1 .u-btn:hover,.u-palette-4-base .u-btn:hover,.u-palette-4-dark-3 .u-btn:hover,.u-palette-4-dark-2 .u-btn:hover,.u-palette-4-dark-1 .u-btn:hover,.u-palette-5-dark-3 .u-btn:hover,.u-palette-5-dark-2 .u-btn:hover,.u-palette-5-dark-1 .u-btn:hover,.u-grey-40 .u-btn:hover,.u-grey-30 .u-btn:hover,.u-grey-90 .u-btn:hover,.u-grey-80 .u-btn:hover,.u-grey-75 .u-btn:hover,.u-black .u-btn:hover,.u-grey-70 .u-btn:hover,.u-grey-60 .u-btn:hover,.u-grey-50 .u-btn:hover,.u-grey-dark-3 .u-btn:hover,.u-grey-dark-2 .u-btn:hover,.u-grey-dark-1 .u-btn:hover,.u-grey .u-btn:hover,.u-shading .u-btn:hover,.u-overlap-contrast .u-header .u-btn:hover\n    {\n        background-color: var(--button-hover-alt-background-color);\n        color: var(--button-hover-alt-color);\n    }\n    .u-custom-color-1 .u-btn:active,.u-body-color .u-btn:active,.u-palette-1-base .u-btn:active,.u-palette-1-dark-3 .u-btn:active,.u-palette-1-dark-2 .u-btn:active,.u-palette-1-dark-1 .u-btn:active,.u-palette-1 .u-btn:active,.u-palette-1-light-1 .u-btn:active,.u-palette-2-base .u-btn:active,.u-palette-2-dark-3 .u-btn:active,.u-palette-2-dark-2 .u-btn:active,.u-palette-2-dark-1 .u-btn:active,.u-palette-2 .u-btn:active,.u-palette-2-light-1 .u-btn:active,.u-palette-3-dark-3 .u-btn:active,.u-palette-3-dark-2 .u-btn:active,.u-palette-3-dark-1 .u-btn:active,.u-palette-4-base .u-btn:active,.u-palette-4-dark-3 .u-btn:active,.u-palette-4-dark-2 .u-btn:active,.u-palette-4-dark-1 .u-btn:active,.u-palette-5-dark-3 .u-btn:active,.u-palette-5-dark-2 .u-btn:active,.u-palette-5-dark-1 .u-btn:active,.u-grey-40 .u-btn:active,.u-grey-30 .u-btn:active,.u-grey-90 .u-btn:active,.u-grey-80 .u-btn:active,.u-grey-75 .u-btn:active,.u-black .u-btn:active,.u-grey-70 .u-btn:active,.u-grey-60 .u-btn:active,.u-grey-50 .u-btn:active,.u-grey-dark-3 .u-btn:active,.u-grey-dark-2 .u-btn:active,.u-grey-dark-1 .u-btn:active,.u-grey .u-btn:active,.u-shading .u-btn:active,.u-overlap-contrast .u-header .u-btn:active\n    {\n        background-color: var(--button-active-alt-background-color);\n        color: var(--button-active-alt-color);\n    }\n    /** alt-color-rules **/\n</style><style id=\"font-scheme\" font-scheme=\"custom-font-family-1\" heading-font=\"Georgia,serif\" text-font=\"Georgia,serif\">.u-body {\n   --text-font: Georgia,serif;\n   --heading-font: Georgia,serif;\n}</style>","appVersion":"2.21.3","isTrial":true}
